コード	企業名	市場	業種	注目度	上場日	想定価格	公開価格	初値予想	初値	仮条件min	仮条件max	代表者名	代表者の上場時の年齢	設立年	従業員数	株主数	資本金	上場時発行済株数	公開株式数	公募%	売り出し%	オーバーアロットメント%	調達資金使途	想定時価総額	オーナー株%	社長_株%	役員_株%	家族_株%	親会社_株%	従業員_株%	VC_ファンド_株%	VC_ファンド除く_株%	大株主
391A	山忠	名証メイン	不動産業	-	2025/07/29	2600						山崎 恭裕（上場時60歳2カ月）／1965年生	60	1991	21	31	99000000	1236000	190000	78.9	21.1	0.0	長期借入金の返済	3213600000	92.6	89.5	3.1	0	0	0.5	0	0	"山崎恭裕	代表取締役	930300	80.7
山崎忠七	代表取締役の血族	28800	2.5
山崎當子	代表取締役の血族	28800	2.5
山崎正揮	代表取締役の血族	28800	2.5
細江盛方	取締役	14600	1.3
奥田慶太	取締役	8700	0.8
山忠従業員持株会	特別利害関係者など	8400	0.7
伊藤良徳	常務取締役	6300	0.6
岐阜信用金庫	特別利害関係者など	6000	0.5
山崎美由紀	代表取締役の配偶者	6000	0.5
匿名	同社または子会社の従業員	5200	0.5
岩田弘典	取締役	5100	0.4
山崎由莉	代表取締役の血族	5100	0.4
山崎真裕	代表取締役の血族	5100	0.4"
387A	フラー	東証グロース	情報・通信業	-	2025/07/24	1110						山崎 将司（上場時37歳0カ月）／1988年生	37	2011	192	48	50379000	1695520	273900	21.9	65.1	13.0	採用関連費用	1882027200	16.0	2.3	13.7	0	0	0	18.8	0	"(株)ﾔﾌﾟﾘ	その他の関係会社	352400	19.9
(株)電通ｸﾞﾙｰﾌﾟ	その他の関係会社	346000	19.5
渋谷修太	取締役会長	198991	11.2
B Dash Fund4号投組	投資業(ﾌｧﾝﾄﾞ)	146630	8.3
いばらき新産業創出ﾌｧﾝﾄﾞ投組	投資業(ﾌｧﾝﾄﾞ)	90000	5.1
地方創生新潟1号投組	投資業(ﾌｧﾝﾄﾞ)	59320	3.3
山本公哉	特別利害関係者など	48600	2.7
桜井裕基	取締役COO	43400	2.5
山崎将司	代表取締役社長	41400	2.3
匿名	従業員（元従業員含む）	40000	2.2
朝日ﾒﾃﾞｨｱﾗﾎﾞﾍﾞﾝﾁｬｰｽﾞ(株)	投資業(ﾌｧﾝﾄﾞ)	37400	2.1"
386A	みのや	東証スタンダード	小売業	-	2025/07/18	1440						正木 宏和（上場時72歳9カ月）／1952年生	73	1954	178	14	100000000	3500000	805000	62.1	24.8	13.0	新規出店や既存店リニューアル	5040000000	83.5	83.5	0	0	0	0	3.3	0	"(株)ﾏｻｷｺｰﾎﾟﾚｰｼｮﾝ	役員らが議決権の過半数所有	1090000	36.3
正木宏和	代表取締役社長	956000	31.9
おかしのまちおか従業員持株会	特別利害関係者など	274000	9.1
内田和枝	代表取締役の血族	270000	9.0
正木美恵	代表取締役の配偶者	100000	3.3
むさしの地域創生推進ﾌｧﾝﾄﾞ投組	投資業(ﾌｧﾝﾄﾞ)	100000	3.3
(株)武蔵野銀行	特別利害関係者など	50000	1.7
正木惇也	取締役、代表取締役の血族	30000	1.0
正木友梨	代表取締役の血族	30000	1.0
正木理子	代表取締役の血族	30000	1.0"
384A	かがやきホールディングス	東証グロース	サービス業	B	2025/07/16	1200						稲垣 靖（上場時59歳10カ月）／1965年生	60	2020	21	4	45000000	1437700	690000	43.5	43.5	13.0	運転資金として人的資本投資に充当	1725240000	92.1	86.0	6.1	0	0	0.4	0	0	"稲垣靖	代表取締役社長など	550000	43.0
(株)稲垣	役員らが議決権の過半数所有	550000	43.0
高山隆幸	専務取締役など	30000	2.3
(株)日本M&Aｾﾝﾀｰ	特別利害関係者など	20000	1.6
中川与治	取締役など	20000	1.6
かがやきHD従業員持株会	特別利害関係者など	17700	1.4
岡本和也	取締役など	15000	1.2
佐藤祐樹	従業員、子会社の取締役	8000	0.6
米野井剛	子会社の取締役	5000	0.4
匿名	子会社の従業員	5000	0.4"
378A	ヒット	東証グロース	サービス業	B	2025/07/04	1430				1430	1500	深井 英樹（上場時61歳2カ月）／1964年生	61	1991	90	32	29500000	6230000	1863000	36.0	51.0	13.0	大型デジタル媒体設備投資	8908900000	95.0	90.9	4.1	0	0	3.4	0	0	"松丸敦之	代表取締役会長	3452800	55.1
(株)ﾎﾞﾝﾄﾞ･ﾎｰﾙﾃﾞｨﾝｸﾞｽ	代表取締役会長の親族の資産管理会社	1240000	19.8
深井英樹	代表取締役社長	803400	12.8
松丸さつき	代表取締役会長の配偶者	200000	3.2
安田仁裕	常務取締役	121000	1.9
江口雄一	従業員	74800	1.2
勝山宏哉	取締役	73000	1.2
曽我正史	従業員	66800	1.1
宮内理司	従業員	41400	0.7
高橋徹	取締役	33000	0.5
大岩義典	取締役	28000	0.5
小笠原伸行	従業員	26400	0.4"
373A	リップス	東証グロース	化学	A	2025/06/30	3100	3130			3100	3130	的場 隆光（上場時59歳2カ月）／1966年生	59	2008	48	3	100000000	2550000	1277000	3.9	83.0	13.0	採用費・人件費、マーケティング費用	7905000000	59.2	53.4	5.8	0	0	2.1	35.6	0	"(株)Akeru	役員らが議決権の過半数所有	1050000	37.4
野村ｷｬﾋﾟﾀﾙ･ﾊﾟｰﾄﾅｰｽﾞ第一号投組	投資業(ﾌｧﾝﾄﾞ)	1000000	35.6
的場隆光	代表取締役社長	450000	16.0
長島幹孟	取締役	45000	1.6
上原大輔	取締役	45000	1.6
平剛	取締役	37500	1.3
西沢民夫	取締役	37500	1.3
匿名1	従業員	25000	0.9
匿名2	従業員	25000	0.9
匿名3	従業員	8750	0.3"
372A	レント	東証スタンダード	サービス業	A	2025/06/30	4270	4330			4270	4330	岡田 朗（上場時66歳10カ月）／1958年生	67	1984	1157	88	1401120000	3759400	970600	51.5	35.4	13.0	営業所の新規開設、レンタル資産の増強	16052638000	0	0	0	0	0	0	3.4	3.1	"双日(株)	特別利害関係者など	387000	11.9
ﾔﾝﾏｰ建機(株)	特別利害関係者など	279800	8.6
ﾚﾝﾄ社員持株会	特別利害関係者など	196600	6.1
ﾕｱｻ商事(株)	取引先	194000	6.0
(株)AIRMAN	特別利害関係者など	168000	5.2
丸紅(株)	子会社などの共同運営先	160000	4.9
ｺﾍﾞﾙｺ建機(株)	特別利害関係者など	158000	4.9
(株)ｱｲﾁｺｰﾎﾟﾚｰｼｮﾝ	特別利害関係者など	146000	4.5
静岡ｷｬﾋﾟﾀﾙ8号投組	投資業(ﾌｧﾝﾄﾞ)	110000	3.4
ﾚﾝﾃｯｸ大敬(株)	資本業務提携先	100000	3.1"
369A	エータイ	東証グロース	サービス業	B	2025/06/26	1480	1510			1480	1510	樺山 玄基（上場時41歳1カ月）／1984年生	41	2004	59	3	20000000	4204000	1614600	12.6	74.3	13.0	永代供養墓の建立に係る石材費や工事費	6221920000	97.6	97.3	0.3	0	0	0.3	0	0	"樺山伸一	代表取締役の血族	2400000	58.4
(株)ｴｰｼﾞｰｱｲ	役員らが議決権の過半数所有	1200000	29.2
樺山玄基	代表取締役社長	400000	9.7
森英之	監査役	18000	0.4
山本守	元取締役	15000	0.4
田中佑治	取締役	11700	0.3
匿名1	従業員	6000	0.1
(株)エータイ	自己新株予約権	5250	0.1
匿名2	従業員	5000	0.1
匿名3	従業員	4000	0.1"
368A	北里コーポレーション	東証プライム	精密機器	A	2025/06/25	1220	1340			1300	1340	井上 太綬（上場時54歳7カ月）／1970年生	55	2007	78	4	10000000	40000000	16100000	0.0	87.0	13.0	-	48800000000	100.0	100.0	0	0	0	0	0	0	"北里商事(株)	社長の資産管理会社	23400000	58.5
井上太綬(戸籍名:太)	代表取締役社長	14000000	35.0
H&Fﾊﾟｰﾄﾅｰｽﾞ(株)	社長の親族の資産管理会社	1800000	4.5
ﾅﾚﾂｼﾞｲﾗｱ(株)	社長の親族の資産管理会社	800000	2.0"
367A	プリモグローバルホールディングス	東証スタンダード	小売業	A	2025/06/24	2235	2150			2060	2150	沢野 直樹（上場時53歳8カ月）／1971年生	54	2020	3	5	100000000	8747143	7436800	0.0	87.0	13.0	-	19549864605	4.2	2.7	1.5	0	0	0	89.9	0	"ﾌﾟﾘﾓ･ｲﾝﾃｸﾞﾗﾙ2投組	投資業(ﾌｧﾝﾄﾞ)	7235348	75.3
Innovation Alpha Primo L.P.	投資業(ﾌｧﾝﾄﾞ)	1147565	11.9
沢野直樹	代表取締役社長など	262413	2.7
ﾌﾟﾘﾓ･ｲﾝﾃｸﾞﾗﾙ1投組	投資業(ﾌｧﾝﾄﾞ)	259265	2.7
藤江秀一	取締役など	104965	1.1
田辺健一	子会社の役員など	52482	0.6
沖康輔	子会社の役員など	43735	0.5
匿名	子会社の執行役員および従業員	34988	0.4
谷本有輝典	子会社の役員など	34988	0.4
宮田智崇	子会社の役員など	34988	0.4
津田照朝	子会社の役員など	34988	0.4
佐田大輔	子会社の役員など	34988	0.4"
366A	ウェルネス・コミュニケーションズ	東証グロース	サービス業	A	2025/06/23	2450	2480			2450	2480	松田 泰秀（上場時50歳2カ月）／1975年生	50	2006	121	6	408615000	5998200	1724500	31.9	55.1	13.0	システム開発費、人材採用・採用経費、システム利用費	14695590000	3.9	2.7	1.2	0	0	0.5	0	0	"SOMPOﾎｰﾙﾃﾞｨﾝｸﾞｽ(株)	その他の関係会社	2500800	42.5
LHP Holdings,L.P.	その他の関係会社	2233700	37.9
(株)ｱﾄﾞﾊﾞﾝﾃｯｼﾞﾘｽｸﾏﾈｼﾞﾒﾝﾄ	販売代理店	272400	4.6
(株)ﾍﾞﾙｼｽﾃﾑ24ﾎｰﾙﾃﾞｨﾝｸﾞｽ	特別利害関係者など	201700	3.4
伊藤忠商事(株)	元親会社	168900	2.9
松田泰秀	代表取締役社長	160000	2.7
伊藤忠ﾃｸﾉｿﾘｭｰｼｮﾝｽﾞ(株)	販売代理店	70700	1.2
佐々木雅之	取締役	40000	0.7
匿名1	委任型執行役員	30000	0.5
匿名2	従業員	30000	0.5"
365A	伊澤タオル	東証スタンダード	繊維製品	B	2025/06/20	700	750	850	765	700	750	伊沢 正司（上場時60歳5カ月）／1964年生	61	2021	79	3	30000000	10000000	5750000	0.0	87.0	13.0	-	7000000000	25.0	24.0	1.0	0	0	0.6	71.9	0	"ｼﾞｬﾌｺSV6投組	投資業(ﾌｧﾝﾄﾞ)	6000000	57.5
伊沢ｷｬﾋﾟﾀﾙﾊﾟｰﾄﾅｰｽﾞ(同)	代表取締役社長の資産管理会社	2500000	24.0
ｼﾞｬﾌｺSV6-S投組	投資業(ﾌｧﾝﾄﾞ)	1500000	14.4
国元恵子	取締役	39000	0.4
甫天和宏	取締役	24000	0.2
匿名1	従業員	22000	0.2
三好拓人	取締役CFO	20000	0.2
匿名2	従業員	20000	0.2
藤田有香	取締役	18000	0.2
匿名3	従業員	17000	0.2"
353A	エレベーターコミュニケーションズ	札証アンビシャス	サービス業	C	2025/04/25	1600	1700	1850	2200	1600	1700	薄田 章博（上場時54歳3カ月）／1971年生	54	2006	219	79	67090000	999940	119800	41.7	45.3	12.9	運転資金	1599904000	78.0	72.2	5.8	0	0	0	0	0	"そらしづ(株)	役員らが議決権の過半数所有	500000	46.3
薄田章博	代表取締役社長	195000	18.1
村石誠司	取締役副社長	50400	4.7
六日市拓也	取締役	42000	3.9
こたろう(株)	役員らが議決権の過半数所有	34000	3.1
大久保圭太	特別利害関係者など	30600	2.8
杉山央	-	24200	2.2
向江弘徳	-	24200	2.2
渡辺和則	取締役	20000	1.9
上田健一	監査役	10800	1.0
村元裕	特別利害関係者など	8000	0.7
末岡由紀	特別利害関係者など	8000	0.7
ｴﾚｺﾐ従業員持株会	特別利害関係者など	8000	0.7"
352A	LIFE CREATE	東証グロース	サービス業	-	2025/04/24	1320						前川 彩香（上場時46歳4カ月）／1978年生	47	2008	820	19	394997000	13129871	3631200	22.0	64.9	13.0	ピラティスKなどの新規出店費用	17331429720	65.7	65.7	0	0	0	0	9.1	0	"前川彩香	代表取締役社長	5430219	39.7
(株)Ayaka	社長の資産管理会社	3211800	23.5
(株)ｱｶﾂｷ	特別利害関係者など	1829568	13.4
XTech2号投組	投資業(ﾌｧﾝﾄﾞ)	571428	4.2
清水敬太	取締役副社長CFO	339141	2.5
佐藤俊介	特別利害関係者など	300000	2.2
ﾛｯﾃﾍﾞﾝﾁｬｰｽﾞ･ｼﾞｬﾊﾟﾝ投組	投資業(ﾌｧﾝﾄﾞ)	275598	2.0
三菱UFJｷｬﾋﾟﾀﾙ9号投組	投資業(ﾌｧﾝﾄﾞ)	264705	1.9
MTGV投組	投資業(ﾌｧﾝﾄﾞ)	142857	1.0
(株)ﾎﾟｰﾗ･ｵﾙﾋﾞｽﾎｰﾙﾃﾞｨﾝｸﾞｽ	特別利害関係者など	142857	1.0"
350A	デジタルグリッド	東証グロース	電気・ガス業	-	2025/04/22	4570						豊田 祐介（上場時37歳8カ月）／1987年生	38	2017	70	69	50000000	6183300	2101000	11.9	75.1	13.0	系統用蓄電池設備などの設備投資	28257681000	15.2	7.7	7.5	0	0	0	13.5	0	"(株)東芝	特別利害関係者など	833320	11.3
WiL Fund II L.P.	投資業(ﾌｧﾝﾄﾞ)	666660	9.0
豊田祐介	代表取締役社長CEO	569550	7.7
三菱商事(株)	特別利害関係者など	343880	4.7
ﾌｰﾊﾞｰ･ｲﾝﾍﾞｽﾄﾒﾝﾄ(株)	投資業(ﾌｧﾝﾄﾞ)	333330	4.5
(株)FD	特別利害関係者など	333330	4.5
近清拓馬	取締役COO	313730	4.2
(同)OTS	特別利害関係者など	250000	3.4
東急不動産(株)	特別利害関係者など	250000	3.4
嶋田剛久	取締役CFO	241550	3.3
川崎重工業(株)	特別利害関係者など	166660	2.2"
343A	IACEトラベル	東証スタンダード	サービス業	B	2025/04/07	1030				980	1000	西沢 重治（上場時58歳2カ月）／1967年生	58	1982	119	33	80000000	4760000	1350900	71.1	15.9	13.0	システム開発費、広告宣伝費、人件費	4902800000	58.4	36.1	22.3	0	0	6.3	0	0	"西沢重治	代表取締役社長執行役員	1242560	32.4
灰田俊也	取締役専務執行役員	575280	15.0
IACEﾄﾗﾍﾞﾙ従業員持株会	特別利害関係者など	480000	12.5
横田卓也	取締役上席執行役員	184000	4.8
浅生田和人	監査役	144000	3.8
(株)ﾋﾞｼﾞﾈｽﾏﾈｼﾞﾒﾝﾄ	役員らが議決権の過半数所有	142880	3.7
岡部将朋	同社または子会社の従業員、元執行役員	95280	2.5
瀧上大輔	同社または子会社の従業員	80000	2.1
岡村拓樹	同社または子会社の従業員	80000	2.1
小原竜雄	同社または子会社の従業員	80000	2.1"
340A	ジグザグ	東証グロース	情報・通信業	B	2025/03/31	1490	1500			1470	1500	仲里 一義（上場時50歳11カ月）／1974年生	51	2015	52	24	90000000	2300440	866400	39.2	47.7	13.0	プロダクト開発（人件費や販売促進費など）、事業開発（人件費や広告宣伝費、販売促進費など）	3427655600	53.7	46.7	7.0	0	0	0	27.8	0	"MICｲﾉﾍﾞｰｼｮﾝ4号投組	投資業(ﾌｧﾝﾄﾞ)	635700	27.8
仲里一義	代表取締役	529350	23.1
仲里亜美	代表取締役の配偶者	300000	13.1
(株)Zｶﾝﾊﾟﾆｰ	役員らが議決権の過半数所有	240000	10.5
鈴木賢	取締役	60930	2.7
木村寿人	元取締役、従業員	59835	2.6
松本浩介	取締役	55050	2.4
今西隆幸	元取締役、従業員	51960	2.3
北村康晃	取締役	44040	1.9
海老根智仁	特別利害関係者など	30000	1.3
大谷寛	特別利害関係者など	30000	1.3
川田尚吾	特別利害関係者など	30000	1.3
小山太一	特別利害関係者など	30000	1.3
杉山全功	特別利害関係者など	30000	1.3"
341A	トヨコー	東証グロース	建設業	A	2025/03/28	700	730			700	730	豊沢 一晃（上場時48歳6カ月）／1976年生	49	1996	39	33	20000000	13026600	4255000	23.5	63.5	13.0	CoolLaser事業における応用開発、CoolLaser事業における新規拠点の設備投資、借入金返済	9118620000	49.0	38.5	10.5	0	0	2.4	3.2	13.9	"豊沢一晃	代表取締役CEO	5083025	38.5
豊沢弘康	元代表取締役	1135000	8.6
白井元	取締役CFO	984410	7.5
建装工業(株)	資本業務提携先	500000	3.8
(株)ﾄﾖｺｰ従業員持株会	特別利害関係者など	464850	3.5
大和ﾊｳｽｸﾞﾙｰﾌﾟ共創共生1号投組	投資業(ﾌｧﾝﾄﾞ)	428500	3.2
鈴与建設(株)	資本業務提携先	425500	3.2
鈴木紀行	取締役COO	390000	3.0
匿名	従業員	312685	2.4
前田建設工業(株)	資本業務提携先	300000	2.3
第一ｶｯﾀｰ興業(株)	資本業務提携先	300000	2.3
太平電業(株)	資本業務提携先	300000	2.3"
339A	プログレス・テクノロジーズグループ	東証グロース	サービス業	A	2025/03/28	1890	1950			1890	1950	中山 岳人（上場時52歳1カ月）／1973年生	52	2020	23	2	10000000	7779400	4378200	16.2	70.8	13.0	採用費・人件費などの運転資金、借入金返済	14703066000	4.2	3.5	0.7	0	0	0.3	95.0	0	"ｼﾞｬﾌｺSV6投組	投資業(ﾌｧﾝﾄﾞ)	5657800	76.0
ｼﾞｬﾌｺSV6-S投組	投資業(ﾌｧﾝﾄﾞ)	1414400	19.0
中山岳人	代表取締役	250580	3.4
沢井大輔	取締役	37940	0.5
長友一郎	取締役	16120	0.2
匿名1	子会社の従業員	7000	0.1
匿名2	子会社の従業員	5020	0.1
村松英行	子会社の代表取締役	4000	0.1
匿名3	子会社の従業員	4000	0.1
匿名4	子会社の従業員	2500	0.0"
336A	ダイナミックマッププラットフォーム	東証グロース	情報・通信業	A	2025/03/27	1130	1200			1130	1200	吉村 修一（上場時42歳10カ月）／1982年生	43	2016	72	25	100000000	23624850	7394500	65.0	21.9	13.0	高精度３次元位置情報の整備・更新、海外におけるHDマップの整備・更新、研究開発	26696080500	2.6	2.6	0	0	0	0	59.4	0	"(株)INCJ	投資業(ﾌｧﾝﾄﾞ)	8840000	40.9
(株)海外交通･都市開発事業支援機構	投資業(ﾌｧﾝﾄﾞ)	3478350	16.1
三菱電機(株)	特別利害関係者など	1560000	7.2
三菱HCｷｬﾋﾟﾀﾙ(株)	特別利害関係者など	1000000	4.6
三井物産(株)	特別利害関係者など	710500	3.3
吉村修一	代表取締役社長など	571450	2.6
SBI4&5投組	投資業(ﾌｧﾝﾄﾞ)	508400	2.4
(株)ｾﾞﾝﾘﾝ	取引先	480000	2.2
(株)ﾊﾟｽｺ	特別利害関係者など	480000	2.2
ｱｲｻﾝﾃｸﾉﾛｼﾞｰ(株)	特別利害関係者など	400000	1.9
ｼﾞｵﾃｸﾉﾛｼﾞｰｽﾞ(株)	特別利害関係者など	320000	1.5
(株)ﾄﾖﾀﾏｯﾌﾟﾏｽﾀｰ	特別利害関係者など	320000	1.5"
338A	ZenmuTech	東証グロース	情報・通信業	A	2025/03/27	1470	1580			1500	1580	田口 善一（上場時63歳9カ月）／1961年生	64	2014	35	66	219650000	1312800	331200	72.5	14.5	13.0	人件費・人材採用費	1929816000	12.4	12.4	0	0	0	3.7	8.2	0	"岡積正夫	元代表取締役	145400	12.2
ｾｸﾞｴｸﾞﾙｰﾌﾟ(株)	特別利害関係者など	119800	10.1
田口善一	代表取締役社長CEO	84000	7.1
四国電力(株)	特別利害関係者など	65200	5.5
(株)Win4	役員らが議決権の過半数所有	63600	5.3
(株)ﾃｸﾉｽｼﾞｬﾊﾟﾝ	特別利害関係者など	61600	5.2
TNPｽﾚｯｽﾞｵﾌﾞﾗｲﾄ投組	投資業(ﾌｧﾝﾄﾞ)	53400	4.5
松倉泉	従業員	44200	3.7
北陸電力ﾋﾞｼﾞﾈｽ･ｲﾝﾍﾞｽﾄﾒﾝﾄ(同)	投資業(ﾌｧﾝﾄﾞ)	43800	3.7
ﾐﾂｲﾜ(株)	取引先	40000	3.4"
334A	ビジュアル・プロセッシング・ジャパン	東証グロース	情報・通信業	B	2025/03/25	1430	1430	2300	3040	1360	1430	三村 博明（上場時68歳11カ月）／1956年生	69	1994	62	6	35000000	1655000	486400	52.4	34.5	13.0	採用費・人件費、地代家賃、広告宣伝費用	2366650000	67.6	64.2	3.4	0	0	0	0	0	"(株)ｼｴﾙﾄｺﾐｭﾆｹｰｼｮﾝｽﾞ	役員らが議決権の過半数所有	640000	43.7
三村博明	代表取締役社長	280000	19.1
VPJ社員持株会	特別利害関係者など	248000	16.9
関郷	監査役	186000	12.7
吉川(戸籍名:高橋)美幸	取締役	26800	1.8
三村俊介	代表取締役の血族、従業員	20000	1.4
松本勝裕	取締役	8000	0.6
川畑耕史	執行役員	6000	0.4
鈴木優	執行役員	4000	0.3
谷本真基	執行役員	4000	0.3"
335A	ミライロ	東証グロース	情報・通信業	A	2025/03/24	255	270	550	661	255	270	垣内 俊哉（上場時35歳11カ月）／1989年生	36	2010	50	39	112590000	10475000	2646300	47.2	39.7	13.0	ソフトウエア開発・改修費用、人材採用・人件費、ソフトウエア利用者登録作業費、長期借入金の返済、広告宣伝費、事務所設備への設備投資	2671125000	72.2	70.0	2.2	0	0	0	0	0	"垣内俊哉	代表取締役社長	3380000	35.1
民野剛郎	取締役副社長	3360000	34.9
谷間真	取締役	208000	2.2
大阪市高速電気軌道(株)	特別利害関係者など	200000	2.1
住友林業(株)	特別利害関係者など	200000	2.1
ﾔﾏﾄﾎｰﾙﾃﾞｨﾝｸﾞｽ(株)	特別利害関係者など	200000	2.1
(株)三菱UFJ銀行	取引先	192000	2.0
(株)ｴｽ･ｹｲﾌﾟﾗﾝﾆﾝｸﾞ	特別利害関係者など	157800	1.6
大亀雄平	元取締役	157800	1.6
樫野孝人	特別利害関係者など	157800	1.6
寺嶋正浩	特別利害関係者など	157800	1.6"
9388	パパネッツ	福証Qボード	サービス業	C	2025/03/21	960	700	700	830	700	740	伊藤 裕昭（上場時52歳0カ月）／1973年生	52	1995	100	23	50000000	1825000	230000	43.5	43.5	13.0	基幹システム構築費用	1752000000	92.5	63.6	28.9	0	0	0	0	0	"(株)花明	創業者の資産管理会社	55000	34.5
中本久富	創業者	31900	20.0
伊藤裕昭	代表取締役社長	14500	9.1
二田泰久	専務取締役	13300	8.3
宮崎恵子	常務取締役	12100	7.6
早坂貴幸	取締役	10300	6.5
柳沢謙介	取締役	10300	6.5
松本寝具(株)	取引先	2800	1.8
山内(株)	特別利害関係者など	2400	1.5
(株)RightArmｻｰﾋﾞｽ	取引先	2400	1.5"
332A	ミーク	東証グロース	情報・通信業	A	2025/03/21	760	800	1000	845	760	800	峯村 竜太（上場時44歳1カ月）／1981年生	44	2019	73	16	10000000	11388000	3659500	45.6	41.4	13.0	人件費・採用費、ネットワーク増強費、開発費	8654880000	12.0	12.0	0	0	0	0	12.4	27.3	"ｿﾆｰﾈｯﾄﾜｰｸｺﾐｭﾆｹｰｼｮﾝｽﾞ(株)	その他の関係会社	3342700	28.5
ｿﾆｰｾﾐｺﾝﾀﾞｸﾀｿﾘｭｰｼｮﾝｽﾞ(株)	その他の関係会社の子会社	1277300	10.9
峯村竜太	代表取締役執行役員社長	1010000	8.6
東京ｾﾝﾁｭﾘｰ(株)	資本提携先	1000000	8.5
(株)ﾌｧﾐﾘｰﾏｰﾄ	資本提携先	668100	5.7
SREﾎｰﾙﾃﾞｨﾝｸﾞｽ(株)	資本業務提携先	500000	4.3
MICｲﾉﾍﾞｰｼｮﾝ5号投組	投資業(ﾌｧﾝﾄﾞ)	500000	4.3
大阪ｶﾞｽ(株)	資本提携先	500000	4.3
SMBCﾍﾞﾝﾁｬｰｷｬﾋﾟﾀﾙ7号投組	投資業(ﾌｧﾝﾄﾞ)	500000	4.3
細井邦俊	取締役執行役員副社長	400200	3.4
加賀電子(株)	資本提携先	300000	2.6
TIS(株)	資本提携先	222700	1.9
日本生命保険(相)	特別利害関係者など	222700	1.9
ﾔﾝﾏｰﾍﾞﾝﾁｬｰｽﾞ2号投組	投資業(ﾌｧﾝﾄﾞ)	222700	1.9
みずほ成長支援第5号投組	投資業(ﾌｧﾝﾄﾞ)	222700	1.9"
5016	JX金属	東証プライム	非鉄金属	S	2025/03/19	862	820	785	843	810	820	林 陽一（上場時60歳1カ月）／1965年生	60	2002	3260	1	75000000000	928463102	534934100	0.0	87.0	13.0	-	800335193924	100.0	0	0	0	100.0	0	0	0	"ENEOSﾎｰﾙﾃﾞｨﾝｸﾞｽ(株)	親会社	928463102	100.0"
331A	メディックス	東証スタンダード	サービス業	C	2025/03/19	860	800	830	760	760	800	田中 正則（上場時67歳9カ月）／1957年生	68	1984	280	10	75800000	8080000	2645000	18.9	68.1	13.0	人材の採用・人件費、システム投資、マーケティング投資	6948800000	36.1	12.4	23.7	0	0	11.4	0	0	"小谷中茂樹	創業者、元代表取締役	3200000	39.9
水野昌広	取締役(監査等委員)	1757500	21.9
ﾒﾃﾞｨｯｸｽ従業員持株会	特別利害関係者など	840100	10.5
小谷中一樹	従業員	753750	9.4
田中正則	代表取締役社長	580000	7.2
(株)ﾌｫﾛｰﾜﾝｽﾞﾊｰﾄ	役員らが議決権の過半数所有	420000	5.2
今森教仁	従業員	103750	1.3
馬場昭彦	管理担当取締役	75000	0.9
両角創平	取締役	69900	0.9
菊地悟	従業員	52500	0.7"
330A	TalentX	東証グロース	情報・通信業	B	2025/03/18	750	750	1050	1026	650	750	鈴木 貴史（上場時36歳9カ月）／1988年生	37	2018	107	8	100000000	5508500	1960800	2.5	84.4	13.0	人材採用費、システム開発関連費	4131375000	52.9	47.6	5.3	0	0	1.0	42.4	0	"鈴木貴史	代表取締役	2700000	47.6
AT-II投組	投資業(ﾌｧﾝﾄﾞ)	1153800	20.4
ﾊﾟｰｿﾙﾃﾞｼﾞﾀﾙﾍﾞﾝﾁｬｰｽﾞ(株)	投資業(ﾌｧﾝﾄﾞ)	790800	13.9
ｸﾞﾛｰﾊﾞﾙ･ﾌﾞﾚｲﾝ7号投組	投資業(ﾌｧﾝﾄﾞ)	346800	6.1
細田亮佑	取締役	300000	5.3
HAKUHODO DY FUTURE D F投組	投資業(ﾌｧﾝﾄﾞ)	115200	2.0
宇野康秀	特別利害関係者など	51900	0.9
匿名1	従業員	22200	0.4
匿名2	従業員	18900	0.3
匿名3	従業員	14400	0.3"
325A	TENTIAL	東証グロース	繊維製品	A	2025/02/28	1850	2000	2500	2600	1900	2000	中西 裕太郎（上場時30歳8カ月）／1994年生	31	2018	110	32	107452000	7055600	3202400	12.5	74.5	13.0	ブランド投資における広告宣伝費	13052860000	38.3	38.3	0	0	0	2.2	30.0	0	"中西裕太郎	代表取締役社長	2228200	30.2
(株)ｱｶﾂｷ	特別利害関係者など	1016200	13.8
(株)Anchor	役員らが議決権の過半数所有	600000	8.1
HIRACFUND1号投組	投資業(ﾌｧﾝﾄﾞ)	452400	6.1
ﾆｯｾｲ･ｷｬﾋﾟﾀﾙ12号投組	投資業(ﾌｧﾝﾄﾞ)	392400	5.3
ﾌｧｯｼｮﾝ&ﾃｸﾉﾛｼﾞｰ2号投組	投資業(ﾌｧﾝﾄﾞ)	353800	4.8
Apricot Venture Fund1号投組	投資業(ﾌｧﾝﾄﾞ)	346200	4.7
ﾅﾝﾄCVC2号投組	投資業(ﾌｧﾝﾄﾞ)	197000	2.7
MTGV投組	投資業(ﾌｧﾝﾄﾞ)	165600	2.2
匿名	従業員	164600	2.2
Rakuten Capital S.C.Sp.	投資業(ﾌｧﾝﾄﾞ)	156800	2.1
PARABED-SBI ﾍﾙｽｹｱF1号投組	投資業(ﾌｧﾝﾄﾞ)	156800	2.1"
324A	ブッキングリゾート	東証グロース	サービス業	B	2025/02/21	1200	1240	1700	1550	1200	1240	坂根 正生（上場時37歳0カ月）／1988年生	37	2013	35	63	100000000	5700000	1646800	18.2	68.7	13.0	新規の直営宿泊施設開業費、広告宣伝費	6840000000	76.2	0	0	0	76.2	0	0	0	"ｴｽ･ｴﾇ･ﾎｰﾙﾃﾞｨﾝｸﾞｽ(有)	親会社	3500000	64.8
(株)にしがき	親会社の関係会社	410000	7.6
(株)ﾃﾞｼﾞﾀﾙｽﾄﾚｰｼﾞ	親会社の関係会社	205000	3.8
(株)ｸﾞﾗﾝｼｰｽﾞ	関連当事者など	205000	3.8
(株)ゆめゆめらいふ	特別利害関係者など	50000	0.9
村上真之助	特別利害関係者など	50000	0.9
(株)B&V	特別利害関係者など	50000	0.9
(株)B&Vﾎｰﾙﾃﾞｨﾝｸﾞｽ	特別利害関係者など	50000	0.9
日本商事(株)	特別利害関係者など	50000	0.9
ｴｽｵｰﾙ(株)	特別利害関係者など	30000	0.6
(株)ｼﾞｮｰ･ｺｰﾎﾟﾚｰｼｮﾝ	特別利害関係者など	30000	0.6
冨士五湖ｴﾝｼﾞﾆｱﾘﾝｸﾞ(株)	特別利害関係者など	30000	0.6
(株)ｸﾞﾙｰｳﾞ	特別利害関係者など	30000	0.6
(株)ｷｬﾌﾟﾃﾝﾗｲﾝ	特別利害関係者など	30000	0.6
(株)なかむら	特別利害関係者など	30000	0.6
三方圭一	特別利害関係者など	30000	0.6
(株)luana	特別利害関係者など	30000	0.6
(株)ｼｭｸﾗﾝ	特別利害関係者など	30000	0.6
(株)ｹﾞﾝﾊﾞｶﾝﾘｼｽﾃﾑｽﾞ	特別利害関係者など	30000	0.6"
323A	フライヤー	東証グロース	情報・通信業	B	2025/02/20	660	680	950	1178	590	680	大賀 康史（上場時46歳2カ月）／1978年生	47	2013	57	22	497785000	3318760	755300	36.4	50.5	13.0	人員増強、借入金返済	2190381600	69.8	11.1	1.6	0	57.1	0	10.8	0	"(株)ﾒﾃﾞｨｱﾄﾞｩ	親会社	1996200	57.1
大賀康史	代表取締役CEO	389000	11.1
(株)ﾏｲﾅﾋﾞ	特別利害関係者など	258760	7.4
XTech2号投組	投資業(ﾌｧﾝﾄﾞ)	183940	5.3
みずほ成長支援第4号投組	投資業(ﾌｧﾝﾄﾞ)	63380	1.8
望月剛	取締役CFO	56120	1.6
(株)ｲﾝｿｰｽ	特別利害関係者など	55440	1.6
(株)CARTA VENTURES	投資業(ﾌｧﾝﾄﾞ)	55440	1.6
大分VCｻｸｾｽﾌｧﾝﾄﾞ6号投組	投資業(ﾌｧﾝﾄﾞ)	45280	1.3
(株)ｹｲﾌﾟﾗﾝﾆﾝｸﾞ	特別利害関係者など	27160	0.8
ｴｯｸﾞﾌｫﾜｰﾄﾞ(株)	特別利害関係者など	27160	0.8
三菱UFJｷｬﾋﾟﾀﾙ9号投組	投資業(ﾌｧﾝﾄﾞ)	27160	0.8"
319A	技術承継機構	東証グロース	金属製品	B	2025/02/05	1970	2000	2500	2700	1850	2000	新居 英一（上場時41歳10カ月）／1983年生	42	2018	8	22	55000000	8627778	1673200	44.5	42.4	13.0	M&A（買収・合併）待機資金	16996722660	93.9	81.2	12.7	0	0	0	0	0	"新居英一	代表取締役社長など	6397634	81.2
藤井陽介	執行役員	600000	7.6
佐藤大央	特別利害関係者など	130000	1.6
亀田藍子	取締役など	112000	1.4
徳田雄一郎	子会社の取締役	101000	1.3
永井裕	子会社の取締役	101000	1.3
岩間正俊	監査役など	101000	1.3
大橋俊之	従業員、子会社の取締役	90660	1.1
山口貴弘	特別利害関係者など	60000	0.8
玉川陽介	特別利害関係者など	50000	0.6"
7790	バルコス	名証ネクスト	その他製品	C	2025/02/03	1390	1400	1500	1401	1300	1400	山本 敬（上場時58歳7カ月）／1966年生	59	1991	69	3	30000000	1195000	126000	43.7	43.7	12.7	広告宣伝に必要な通販番組のVTR制作	1661050000	100.0	100.0	0	0	0	0	0	0	"(株)ｸﾞﾘｰﾝ	代表取締役社長の資産管理会社	733000	64.3
山本敬	代表取締役社長	406900	35.7
(株)ｸﾞﾛｰｽ･ｲﾆｼｱﾃｨﾌﾞ	特別利害関係者など	100	0.0"
