コード	企業名	sector	industry	上場後の取引量	現在何倍株	最大何倍株	3,5,7,10,N倍まで何年
3170	アイセイ薬局			-1			
3169	ミサワ	消費者循環	百貨店	13368300	2.6	3.9	"2.83
None
None
None
3.01"
9206	スターフライヤー	産業	Airlines	3542800	1.6	3.5	"3.99
None
None
None
3.99"
4977	新田ゼラチン	基礎材料	特殊化学品	5199500	2.2	4.2	"1.18
None
None
None
1.31"
4583	カイオム・バイオサイエンス	ヘルスケア	バイオテクノロジー	8907200	0.4	22.7	"0.38
0.48
0.5
0.52
0.61"
6055	ジャパンマテリアル	産業	工学・建設	36604800	43.4	72.9	"0.91
1.77
2.12
3.12
10.88"
6619	ダブル・スコープ	産業	Electrical Equipment & Parts	11148000	1.4	14.7	"-0.94
2.86
3.01
3.33
3.47"
3659	ネクソン	通信サービス	電子ゲーム・マルチメディア	280361000	6.5	11.2	"3.1
5.01
7.56
8.1
8.4"
3277	サンセイライディック	不動産	不動産サービス	9184000	7.1	9.0	"-0.6
2.1
5.43
None
5.49"
6054	リブセンス	通信サービス	インターネットコンテンツ・情報	97865600	0.6	11.8	"0.7
1.35
1.36
1.55
1.56"
1383	ベルグアース	消費者防衛	農産物	5071200	5.1	5.7	"1.32
11.03
None
None
12.03"
3444	菊池製作所	産業	特殊産業機械	3562500	1.8	17.7	"1.22
1.25
1.26
1.39
1.73"
3657	ポールトゥウィン・ピットクルーホールディング	技術	情報技術サービス	46964000	2.5	7.6	"1.42
6.05
6.66
None
6.79"
7777	スリー・ディー・マトリックス	ヘルスケア	Medical Devices	27895600	0.3	19.9	"0.54
0.97
1.23
1.42
1.6"
3276	日本管理センター	不動産	不動産サービス	112673600	17.6	25.5	"0.15
1.02
2.82
2.97
3.8"
4582	シンバイオ製薬	ヘルスケア	医薬品メーカー - 専門・ジェネリック	9964425	0.3	5.8	"1.08
1.38
None
None
1.38"
3656	ＫLab	通信サービス	電子ゲーム・マルチメディア	68139500	0.5	5.9	"1.08
2.18
None
None
5.21"
3655	ブレインパッド	技術	情報技術サービス	52549200	7.4	22.0	"1.47
6.21
6.36
6.65
7.51"
6052	イーピーミント			-1			
3654	ヒト・コミュニケーションズ			-1			
3653	モルフォ	技術	ソフトウェア - アプリケーション	22424700	5.7	37.0	"-0.99
-0.99
-0.98
2.71
3.76"
4579	ラクオリア創薬	ヘルスケア	バイオテクノロジー	4708800	1.5	10.4	"-0.88
0.92
5.57
5.61
5.68"
6626	SEMITEC	技術	電子部品	46820000	11.1	22.7	"-0.88
-0.85
5.32
5.6
9.62"
1909	日本ドライケミカル	産業	セキュリティおよび保護サービス	6577600	10.0	10.0	"6.54
10.16
12.48
13.41
13.41"
2882	イートアンド	消費者循環	レストラン	3966600	6.1	7.3	"4.07
6.42
11.06
None
11.07"
3275	ハウスコム	不動産	不動産サービス	3088200	8.1	10.7	"3.39
5.31
6.15
6.29
6.34"
3652	ディジタルメディアプロフェッショナル	技術	電子部品	7718300	2.2	21.8	"-0.95
2.21
2.21
5.48
5.6"
3168	クロタニコーポレーション	基礎材料	Other Industrial Metals & Mining	5398000	2.9	5.7	"5.63
9.3
None
None
9.33"
3649	ピーエスシー	ヘルスケア	健康情報サービス	11949600	14.3	38.0	"0.33
0.35
0.42
0.44
3.29"
6051	アイ・アールジャパン			-1			
3274	アイディホーム			-1			
7150	島根銀行	金融サービス	銀行 - 地域	2260600	1.0	2.7	"None
None
None
None
4.21"
2229	カルビー	消費者防衛	包装食品	74138400	7.0	11.2	"1.45
2.51
3.42
4.01
4.07"
3648	AGS	技術	ソフトウェア - アプリケーション	6615200	7.1	12.4	"3.09
5.77
5.93
13.1
13.1"
3646	駅探	通信サービス	インターネットコンテンツ・情報	6484400	1.2	3.7	"6.63
None
None
None
6.65"
6072	地盤ネット	産業	専門ビジネスサービス	57898800	0.3	4.1	"0.21
None
None
None
0.25"
3261	グランディーズ	不動産	不動産サービス	278100	6.2	7.5	"9.09
9.1
9.11
None
9.11"
2931	ユーグレナ	消費者防衛	家庭用品・個人用品	696965000	2.6	17.6	"0.05
0.27
0.33
0.34
0.38"
6165	パンチ工業	産業	ツール・アクセサリー	6922200	2.4	7.4	"1.19
4.27
4.55
None
4.57"
3179	シュッピン	消費者循環	インターネット小売	36480000	13.1	21.6	"0.53
1.62
1.82
1.95
5.44"
3669	モバイルクリエイト	Unknown	Unknown	28613600	1.1	3.9	"1.0
None
None
None
1.02"
7164	全国保証	金融サービス	信用サービス	211661800	11.5	13.2	"0.23
1.71
2.22
8.17
11.62"
3178	チムニー	消費者循環	レストラン	6309900	1.9	5.6	"1.16
2.45
None
None
2.47"
3668	コロプラ	通信サービス	電子ゲーム・マルチメディア	217789500	2.0	15.7	"0.18
0.22
0.59
0.63
1.49"
4929	アジュバンコスメジャパン	消費者防衛	家庭用品・個人用品	6441000	1.9	2.9	"None
None
None
None
5.47"
3667	enish	通信サービス	電子ゲーム・マルチメディア	8935800	0.2	4.7	"0.22
None
None
None
0.24"
4585	UMNファーマ			-1			
3666	テクノスジャパン	技術	情報技術サービス	61413600	6.4	11.9	"1.82
1.84
2.76
2.82
2.82"
6071	IBJ	消費者循環	個人サービス	56140200	6.8	14.7	"0.67
1.9
3.26
4.38
6.55"
4584	ジーンテクノサイエンス	ヘルスケア	バイオテクノロジー	90836400	0.4	8.6	"0.37
0.39
0.4
None
0.42"
3263	エストラスト			-1			
6070	キャリアリンク	産業	人材派遣・雇用サービス	9590400	13.8	16.0	"1.55
2.16
7.32
7.49
9.48"
3177	ありがとうサービス	消費者循環	専門小売	4463600	3.2	3.4	"10.74
None
None
None
10.85"
3896	阿波製紙	基礎材料	紙・紙製品	2648900	1.7	3.9	"2.64
None
None
None
2.64"
3176	三洋貿易	産業	Industrial Distribution	24763800	10.4	11.2	"1.75
4.51
4.7
11.47
11.55"
6069	トレンダーズ	通信サービス	広告代理店	13870200	2.0	4.1	"-0.85
None
None
None
8.99"
9386	日本コンセプト	エネルギー	Oil & Gas Midstream	7467300	9.8	12.3	"0.89
2.61
5.26
8.69
8.72"
6067	メディアフラッグ			-1			
3175	エー・ピーカンパニー	消費者循環	レストラン	12246900	0.8	2.2	"None
None
None
None
0.84"
9201	日本航空（JAL）	産業	Airlines	123200	0.9	1.5	"None
None
None
None
14.77"
6065	サクセスホールディングス			-1			
3665	エニグモ	技術	ソフトウェア - インフラストラクチャ	154276000	2.0	11.7	"0.62
0.75
0.78
6.7
8.13"
9419	ワイヤレスゲート	通信サービス	電気通信サービス	103342400	0.5	13.6	"0.67
1.38
1.44
1.95
2.03"
6064	アクトコール			-1			
3664	モブキャスト	通信サービス	電子ゲーム・マルチメディア	24817800	0.1	3.9	"0.77
None
None
None
1.05"
6618	大泉製作所			-1			
3174	ハピネス・アンド・ディ	消費者循環	専門小売	5541600	1.3	2.5	"None
None
None
None
4.99"
6063	日本エマージェンシーアシスタンス	ヘルスケア	医療施設	37735200	1.1	5.0	"0.07
3.82
None
None
3.82"
2930	北の達人コーポレーション	消費者防衛	家庭用品・個人用品	20246400	5.3	33.8	"2.1
2.15
2.45
2.71
3.17"
6062	チャーム・ケア・コーポレーション	ヘルスケア	医療施設	143878400	23.8	34.8	"2.47
4.33
5.17
5.21
9.34"
6061	ユニバーサル園芸社	消費者循環	専門小売	6157200	11.6	17.1	"2.99
4.5
5.07
10.5
11.43"
6060	こころネット	消費者循環	個人サービス	1617300	1.7	2.8	"None
None
None
None
4.64"
6059	ウチヤマホールディングス	ヘルスケア	医療施設	11248800	1.4	3.3	"0.92
None
None
None
0.93"
3662	エイチーム	通信サービス	インターネットコンテンツ・情報	25878600	1.9	11.4	"0.38
1.01
1.59
1.7
1.71"
6058	ベクトル	通信サービス	広告代理店	42708600	10.3	28.0	"0.77
1.42
3.02
3.62
6.17"
7157	ライフネット生命	金融サービス	保険 - 生命	29662500	2.7	2.8	"None
None
None
None
11.91"
3661	エムアップ	通信サービス	インターネットコンテンツ・情報	169012800	21.7	25.7	"0.42
0.99
5.02
5.04
10.33"
3173	大阪工機	産業	ツール・アクセサリー	2522000	5.0	6.2	"2.1
4.85
None
None
5.18"
3660	アイスタイル	消費者循環	インターネット小売	53592800	3.1	12.3	"3.18
3.45
3.54
5.68
5.78"
3172	ティーライフ	消費者循環	インターネット小売	1422800	3.9	5.0	"4.16
None
None
None
10.91"
3171	マックスバリュ九州			-1			
6090	ヒューマンメタボロームテクノロジー	ヘルスケア	Diagnostics & Research	6130100	0.5	3.7	"-0.93
None
None
None
-0.92"
4245	ダイキアクシス	産業	廃棄物管理	12252400	3.3	6.7	"3.13
3.58
None
None
3.9"
6089	ウィルグループ	産業	人材派遣・雇用サービス	13976800	6.6	12.0	"1.21
2.86
3.28
3.51
3.71"
7167	足利ホールディングス	金融サービス	銀行 - 地域	254001900	2.4	2.4	"None
None
None
None
10.08"
6086	シンプロメンテ	産業	専門ビジネスサービス	24021000	10.7	12.4	"3.16
3.28
3.79
4.07
9.57"
6088	シグマクシス	産業	専門ビジネスサービス	527332800	10.3	10.9	"-0.81
-0.77
6.88
10.07
10.08"
3294	イーグランド	不動産	不動産サービス	21001200	3.8	4.3	"3.67
None
None
None
9.99"
6087	アビスト	産業	特殊産業機械	6656800	4.3	6.6	"2.42
3.14
None
None
3.58"
6085	アーキテクツスタジオジャパン	産業	工学・建設	6153100	0.3	3.5	"-0.4
None
None
None
-0.4"
3293	アズマハウス	不動産	不動産開発	10012200	1.6	1.7	"None
None
None
None
10.21"
1429	日本アクア	産業	工学・建設	134166000	2.4	3.3	"9.68
None
None
None
10.22"
3682	エンカレッジ・テクノロジ	技術	情報技術サービス	30038400	0.8	2.3	"None
None
None
None
-0.37"
6084	オウチーノ	Unknown	Unknown	3967400	1.9	3.8	"-0.93
None
None
None
-0.93"
3681	ブイキューブ	技術	ソフトウェア - アプリケーション	78295200	0.4	6.6	"-0.38
6.53
None
None
6.55"
3680	ホットリンク	技術	ソフトウェア - インフラストラクチャ	159866100	0.3	4.6	"-0.84
None
None
None
-0.81"
4588	オンコリスバイオファーマ	ヘルスケア	バイオテクノロジー	15969900	1.2	7.7	"-0.45
-0.45
4.81
None
4.81"
6082	ライドオンエクスプレス	消費者循環	インターネット小売	7821000	1.3	3.8	"1.69
None
None
None
6.25"
6081	アライドアーキテクツ	通信サービス	インターネットコンテンツ・情報	52086000	0.5	5.2	"-0.97
-0.97
None
None
-0.87"
3679	じげん	通信サービス	インターネットコンテンツ・情報	284565000	1.6	3.5	"3.67
None
None
None
3.78"
3678	メディアドゥ	通信サービス	出版	44664000	0.7	4.7	"6.35
None
None
None
6.58"
6080	M&Aキャピタルパートナーズ	金融サービス	資本市場	89400000	8.4	21.4	"1.02
2.63
2.88
3.55
7.61"
3189	ANAP	消費者循環	衣料品小売	21714800	1.2	6.0	"-0.5
-0.5
None
None
-0.5"
3677	システム情報			-1			
6079	エナリス			-1			
6078	バリューHR	ヘルスケア	健康情報サービス	213721600	17.5	17.6	"3.11
3.54
5.18
7.67
10.67"
5698	エンビプロ・ホールディングス	産業	廃棄物管理	25578000	4.2	12.5	"3.49
3.68
7.24
7.4
7.46"
3288	オープンハウス	不動産	不動産 - 多様化	188867600	19.1	22.6	"1.53
3.3
3.78
5.79
7.75"
3187	サンワカンパニー	消費者循環	インターネット小売	28349500	0.9	3.4	"0.32
None
None
None
0.32"
6077	N・フィールド			-1			
6076	アメイズ			-1			
3186	ネクステージ	消費者循環	自動車・トラック販売	39616200	22.9	57.0	"2.67
3.01
3.18
3.74
9.55"
3185	夢展望	消費者循環	インターネット小売	11829000	0.4	6.2	"-0.87
-0.87
None
None
-0.87"
6075	フォトクリエイト			-1			
2587	サントリー食品インターナショナル	消費者防衛	Beverages - Non-Alcoholic	173006600	1.9	2.2	"None
None
None
None
10.73"
3184	ICDAホールディングス	消費者循環	自動車・トラック販売	1600700	2.5	2.7	"None
None
None
None
10.12"
6074	ジェイエスエス	消費者循環	レジャー	6303200	1.9	4.8	"3.07
None
None
None
3.97"
4978	リプロセル	ヘルスケア	バイオテクノロジー	246151900	0.2	5.6	"-0.9
-0.89
None
None
-0.89"
6248	横田製作所	産業	特殊産業機械	6266700	2.2	2.8	"None
None
None
None
-0.21"
4587	ペプチドリーム	ヘルスケア	バイオテクノロジー	458478400	3.9	9.9	"-0.55
1.86
3.7
None
6.73"
3674	オークファン	通信サービス	インターネットコンテンツ・情報	141075500	0.2	4.0	"-0.08
None
None
None
-0.07"
1420	サンヨーホームズ	消費者循環	住宅建設	10836700	1.6	2.5	"None
None
None
None
4.39"
1419	タマホーム	消費者循環	住宅建設	47191400	6.9	8.6	"5.64
7.33
9.2
None
10.34"
3673	ブロードリーフ	技術	ソフトウェア - アプリケーション	302077600	2.5	2.9	"None
None
None
None
5.51"
6073	アサンテ	消費者循環	住宅建設	14232600	2.9	3.4	"4.95
None
None
None
5.3"
7215	ファルテック	消費者循環	Auto Parts	13593900	0.5	1.6	"None
None
None
None
-0.25"
2588	ウォーターダイレクト	公共事業	Utilities - Regulated Water	13015954	6.1	8.4	"4.7
6.61
6.74
None
6.87"
9025	鴻池運輸	産業	統合貨物・物流	75507600	5.8	5.9	"4.32
11.05
None
None
11.46"
3672	オルトプラス	通信サービス	電子ゲーム・マルチメディア	61606800	0.1	5.7	"0.08
0.1
None
None
0.1"
3182	オイシックス	消費者循環	インターネット小売	72712400	3.0	9.7	"-0.9
6.35
6.35
None
7.45"
3671	ソフトマックス	ヘルスケア	健康情報サービス	17949300	1.3	2.7	"None
None
None
None
6.7"
3670	協立情報通信	技術	情報技術サービス	3869600	1.2	3.0	"-0.96
None
None
None
-0.96"
3180	ビューティガレージ	消費者防衛	家庭用品・個人用品	42365000	8.4	15.6	"1.06
3.13
4.1
7.14
9.61"
3181	買収王国	消費者循環	専門小売	17377400	1.6	3.6	"-0.98
None
None
None
9.41"
4586	メドレックス	ヘルスケア	医薬品メーカー - 専門・ジェネリック	55720000	0.1	5.2	"-0.92
-0.75
None
None
-0.75"
6034	ＭＲＴ	ヘルスケア	医療施設	26995400	1.4	10.5	"-0.64
0.58
0.58
0.6
0.6"
6033	エクストリーム	通信サービス	電子ゲーム・マルチメディア	51545600	4.1	15.4	"-0.99
-0.96
2.63
2.64
2.68"
3904	カヤック	通信サービス	電子ゲーム・マルチメディア	80832000	0.8	2.7	"None
None
None
None
2.51"
7815	東京ボード工業	基礎材料	木材・木製品生産	707000	0.6	1.7	"None
None
None
None
2.63"
3905	データセクション	技術	ソフトウェア - アプリケーション	111404600	2.1	6.5	"-0.96
8.32
None
None
8.32"
3221	ヨシックス	消費者循環	レストラン	7310400	4.9	6.3	"0.92
2.93
None
None
3.44"
3199	綿半ホールディングス	消費者循環	Home Improvement Retail	17403400	5.2	7.3	"2.45
3.01
3.11
None
3.11"
6032	インターワークス			-1			
9517	イーレックス	公共事業	再生可能エネルギー	54766800	2.5	11.9	"0.9
4.13
5.27
5.85
5.95"
6031	サイジニア	技術	ソフトウェア - インフラストラクチャ	146443200	1.1	5.0	"-0.95
None
None
None
-0.94"
9551	メタウォーター	産業	Pollution & Treatment Controls	28333000	2.0	2.6	"None
None
None
None
9.33"
6030	アドベンチャー	消費者循環	旅行サービス	7685100	3.6	12.0	"1.98
2.76
3.35
3.58
7.82"
3903	ｇｕｍｉ	通信サービス	電子ゲーム・マルチメディア	39509500	0.4	3.8	"-1.0
None
None
None
-1.0"
2883	大冷	産業	特殊産業機械	2161800	1.5	1.8	"None
None
None
None
5.23"
4248	竹本容器	消費者循環	包装および容器	6288600	2.6	4.6	"3.08
None
None
None
3.61"
7175	今村証券	金融サービス	資本市場	4540800	2.2	3.0	"None
None
None
None
8.87"
2586	フルッタフルッタ	消費者防衛	食品流通	2296000	0.2	4.1	"-1.0
None
None
None
-1.0"
3198	ＳＦＰダイニング	消費者循環	レストラン	9245800	1.8	2.3	"None
None
None
None
8.45"
9418	Ｕ−ＮＥＸＴ	産業	コングロマリット	95841900	4.8	5.6	"5.81
8.36
None
None
8.8"
3901	マークラインズ	通信サービス	インターネットコンテンツ・情報	99028400	5.2	7.3	"2.06
2.48
5.4
None
8.29"
3902	メディカル・データ・ビジョン	ヘルスケア	健康情報サービス	157408000	3.6	27.3	"-0.73
0.94
1.52
1.73
5.12"
6029	アトラ	ヘルスケア	医療施設	27875100	0.7	7.3	"0.3
0.42
0.82
None
0.82"
6028	テクノプロ・ホールディングス	産業	人材派遣・雇用サービス	193321200	5.6	7.9	"2.75
5.95
7.88
None
8.12"
3900	クラウドワークス	産業	人材派遣・雇用サービス	95418900	3.0	4.7	"-0.89
None
None
None
3.32"
6026	GMO TECH	通信サービス	インターネットコンテンツ・情報	3983200	2.1	4.3	"8.45
None
None
None
8.53"
7816	スノーピーク			-1			
3452	ビーロット	不動産	不動産サービス	43381200	5.7	5.7	"-0.73
9.19
None
None
9.21"
6027	弁護士ドットコム	産業	コンサルティングサービス	40124100	4.0	24.2	"2.41
2.85
3.04
4.62
5.1"
3698	ＣＲＩ・ミドルウェア	通信サービス	電子ゲーム・マルチメディア	33357900	0.7	4.5	"-0.83
None
None
None
-0.83"
6025	日本ＰＣサービス			-1			
3697	ＳＨＩＦＴ	技術	ソフトウェア - アプリケーション	141454200	16.8	39.8	"2.67
2.93
4.24
4.82
8.78"
6099	エラン	ヘルスケア	医療施設	163113600	5.8	13.1	"2.04
2.77
3.64
5.03
5.42"
9467	アルファポリス	通信サービス	インターネットコンテンツ・情報	10444200	3.5	5.6	"3.28
5.89
None
None
6.75"
3694	オプティム	技術	ソフトウェア - インフラストラクチャ	457632000	1.6	9.1	"3.05
4.4
4.75
None
4.98"
3696	セレス	産業	コングロマリット	36737600	3.2	6.8	"1.28
6.01
None
None
6.09"
3695	GMOリサーチ	技術	ソフトウェア - インフラストラクチャ	10429500	2.2	3.7	"-0.78
None
None
None
6.93"
6098	リクルート	通信サービス	インターネットコンテンツ・情報	1013555700	9.4	10.1	"3.66
6.34
7.0
10.08
10.08"
3197	すかいらーく	消費者循環	レストラン	65091500	2.5	2.8	"None
None
None
None
9.24"
6240	ヤマシンフィルタ	産業	特殊産業機械	88290000	7.1	17.9	"1.96
2.12
2.59
2.65
2.98"
3196	ホットランド	消費者循環	レストラン	38241200	2.0	2.5	"None
None
None
None
9.67"
3692	ＦＦＲＩ	技術	ソフトウェア - アプリケーション	260193900	1.6	15.7	"0.11
0.25
0.71
0.79
0.81"
4591	リボミック	ヘルスケア	バイオテクノロジー	29737900	0.1	2.1	"None
None
None
None
-0.92"
3195	ジェネレーションパス	消費者循環	インターネット小売	13879200	0.9	5.3	"1.33
4.05
None
None
4.05"
3300	ＡＭＢＩＴＩＯＮ	不動産	不動産サービス	61845600	11.2	11.3	"0.55
0.64
2.74
9.1
9.25"
3691	リアルワールド	通信サービス	インターネットコンテンツ・情報	9050600	0.4	2.5	"None
None
None
None
0.38"
3690	ロックオン	通信サービス	広告代理店	48788200	0.8	6.2	"-0.93
0.7
None
None
0.71"
7172	ジャパンインベストメントアドバイザー	産業	レンタルおよびリースサービス	618350099	4.6	13.8	"1.48
2.46
3.24
3.42
3.65"
6097	日本ビューホテル			-1			
3689	イグニス			-1			
3193	鳥貴族	消費者循環	レストラン	53365800	3.5	5.2	"0.89
9.62
None
None
9.63"
3688	ＶＯＹＡＧＥＧＲＯＵＰ	通信サービス	インターネットコンテンツ・情報	47837800	0.8	1.9	"None
None
None
None
-0.99"
6096	レアジョブ	消費者防衛	教育・訓練サービス	32825600	0.9	6.2	"4.3
4.4
None
None
4.43"
6095	メドピア	ヘルスケア	健康情報サービス	89179000	0.8	13.3	"5.39
5.9
6.01
6.28
6.38"
4247	ポバール興業	基礎材料	特殊化学品	127100	1.3	1.5	"None
None
None
None
1.74"
4979	ＯＡＴアグリオ	基礎材料	Agricultural Inputs	9052400	5.3	5.6	"3.1
7.87
None
None
9.97"
6094	フリークアウト	通信サービス	広告代理店	43907600	0.6	4.3	"-0.85
None
None
None
2.12"
3299	ムゲンエステート	不動産	不動産開発	68402000	5.5	5.5	"0.51
10.1
None
None
10.12"
7169	ニュートン・フィナンシャル・コンサルティング			-1			
3297	東武住販	不動産	不動産サービス	3584200	3.0	4.9	"2.58
None
None
None
3.51"
3192	白鳩	消費者循環	インターネット小売	7260700	0.6	2.5	"None
None
None
None
3.61"
9024	西武ホールディングス	産業	コングロマリット	93618600	2.2	2.5	"None
None
None
None
10.41"
3687	フィックスターズ	技術	ソフトウェア - アプリケーション	488175000	6.5	9.2	"0.14
3.72
5.12
None
9.92"
3191	ジョイフル本田	消費者循環	Home Improvement Retail	67479200	3.2	4.0	"4.06
None
None
None
9.98"
9090	丸和運輸機関	産業	統合貨物・物流	14608000	10.2	21.3	"3.53
3.85
4.54
19.31
20.73"
6616	トレックス・セミコンダクター	技術	半導体	12933200	2.2	6.1	"0.39
7.16
None
None
7.54"
6093	エスクロー・エージェント・ジャパン	産業	専門ビジネスサービス	352230000	2.0	9.7	"0.27
0.28
3.14
None
3.28"
3686	ディー・エル・イー	通信サービス	娯楽	267727800	0.2	2.1	"None
None
None
None
0.04"
7779	CYBERDYNE	ヘルスケア	Medical Devices	1262146000	0.4	5.1	"0.19
2.04
None
None
2.04"
3685	みんなのウェディング	Unknown	Unknown	5606400	1.0	4.1	"-0.96
None
None
None
-0.96"
3190	ホットマン	消費者循環	Textile Manufacturing	18857400	1.6	2.0	"None
None
None
None
3.7"
6740	ジャパンディスプレイ	技術	電子部品	711475500	0.1	2.6	"None
None
None
None
-0.53"
6810	日立マクセル	技術	コンシューマーエレクトロニクス	19658600	4.4	5.2	"1.37
8.99
None
None
9.01"
4246	ダイキョーニシカワ	消費者循環	Auto Parts	50136800	2.4	6.4	"1.27
1.64
None
None
1.75"
6092	エンバイオ・ホールディングス	産業	専門ビジネスサービス	81348800	1.3	5.5	"-0.9
2.95
None
None
2.97"
9414	日本ＢＳ放送	通信サービス	Broadcasting	13743000	1.3	1.9	"None
None
None
None
4.13"
3683	サイバーリンクス	技術	ソフトウェア - インフラストラクチャ	78654600	1.7	8.1	"6.37
6.5
6.53
None
6.54"
4589	アキュセラ・インク			-1			
4930	グラフィコ			-1			
6186	一蔵	消費者循環	個人サービス	2446600	0.7	1.9	"None
None
None
None
0.44"
3465	ケイアイスター不動産	不動産	不動産サービス	16044600	12.4	23.1	"0.38
1.78
5.06
5.12
5.83"
3929	ソーシャルワイヤー	通信サービス	娯楽	22487000	0.5	4.7	"1.61
None
None
None
2.03"
6185	ソネット・メディア・ネットワークス	通信サービス	広告代理店	19929600	0.8	6.8	"1.56
1.84
None
None
2.01"
3464	プロパティエージェント			-1			
3928	マイネット	通信サービス	電子ゲーム・マルチメディア	77170200	0.6	8.0	"0.08
0.96
1.01
None
1.03"
9416	ビジョン	通信サービス	電気通信サービス	82768200	7.0	10.4	"0.96
1.88
2.28
3.24
3.24"
3927	アークン	技術	ソフトウェア - インフラストラクチャ	33635600	1.1	7.8	"-0.96
-0.96
-0.95
None
-0.94"
6238	フリュー	消費者循環	レジャー	11767200	1.8	2.8	"None
None
None
None
5.3"
3419	アートグリーン			-1			
4595	ミズホメディー	ヘルスケア	医薬品メーカー - 専門・ジェネリック	20880000	11.3	13.0	"1.13
1.79
1.96
5.12
6.85"
3926	オープンドア	通信サービス	インターネットコンテンツ・情報	73298400	1.1	5.6	"1.74
2.53
None
None
3.11"
6464	ツバキ・ナカシマ	産業	ツール・アクセサリー	39475500	0.6	3.1	"1.56
None
None
None
1.64"
3925	ダブルスタンダード	技術	情報技術サービス	42319600	3.6	10.6	"1.53
2.51
5.52
5.76
5.77"
3924	ランドコンピュータ	技術	情報技術サービス	33962400	5.8	7.8	"0.32
0.47
7.78
None
7.88"
3923	ラクス	技術	情報技術サービス	145950400	28.3	67.5	"1.13
1.94
2.61
3.52
5.65"
6184	鎌倉新書	消費者循環	個人サービス	160617600	6.6	26.1	"0.13
1.28
1.95
2.08
3.81"
1435	インベスターズクラウド	不動産	不動産サービス	520030000	0.6	9.9	"0.21
0.32
2.13
None
2.32"
3463	いちごホテルリート投資法人	不動産	REIT - ホテル・モーテル	246363	1.9	1.9	"None
None
None
None
8.98"
3921	ネオジャパン	技術	ソフトウェア - アプリケーション	70378800	6.0	9.2	"-0.2
1.92
4.37
None
4.56"
6183	ベルシステム24ホールディングス	産業	専門ビジネスサービス	47967200	2.3	3.1	"4.73
None
None
None
7.64"
6182	ロゼッタ	技術	情報技術サービス	87424200	1.6	10.7	"0.16
0.24
3.12
3.18
3.18"
7183	あんしん保証	金融サービス	信用サービス	65214900	0.8	4.8	"0.64
None
None
None
0.76"
6178	日本郵政	金融サービス	銀行 - 地域	1047990500	1.8	2.0	"None
None
None
None
8.07"
7182	ゆうちょ銀行	金融サービス	銀行 - 地域	736937700	1.8	2.1	"None
None
None
None
7.71"
7181	かんぽ生命保険	金融サービス	保険 - 生命	216847300	2.1	2.2	"None
None
None
None
8.01"
3418	バルニバービ	消費者循環	レストラン	3232800	1.9	3.1	"0.69
None
None
None
0.69"
6181	パートナーエージェント	消費者循環	個人サービス	19869600	0.3	3.3	"-0.77
None
None
None
-0.77"
6180	GMOメディア	通信サービス	インターネットコンテンツ・情報	10405700	2.2	3.7	"-0.3
None
None
None
-0.3"
4594	グリーンペプタイド	ヘルスケア	バイオテクノロジー	201592200	0.2	8.5	"0.26
0.3
0.31
None
0.32"
6177	ＡｐｐＢａｎｋ	通信サービス	広告代理店	111432900	0.1	6.3	"-0.73
-0.72
None
None
-0.7"
6176	ブランジスタ	通信サービス	出版	140217600	1.5	28.0	"0.08
0.46
0.49
0.54
0.6"
6175	ネットマーケティング			-1			
3920	アイビーシー	技術	情報技術サービス	67839200	1.1	5.1	"-0.41
-0.41
None
None
-0.41"
3416	ピクスタ	消費者循環	インターネット小売	6699300	0.9	1.9	"None
None
None
None
-0.41"
1433	JESCOホールディングス	産業	工学・建設	252804600	1.7	4.1	"1.36
None
None
None
1.5"
3415	ＳＴＵＤＩＯＵＳ	消費者循環	衣料品小売	159008400	2.6	18.4	"0.25
0.44
0.7
0.98
1.51"
1433	ベステラ	産業	工学・建設	252804600	1.7	4.1	"1.36
None
None
None
1.5"
6173	アクアライン	基礎材料	建材	2156300	0.4	5.2	"1.62
2.82
None
None
2.82"
6172	メタップス			-1			
3139	ラクト・ジャパン	消費者防衛	包装食品	13274000	6.4	9.8	"1.24
1.86
2.45
None
3.2"
6171	土木管理総合試験所	産業	工学・建設	96125200	1.6	4.1	"1.44
None
None
None
1.45"
3461	パルマ	産業	専門ビジネスサービス	9222000	2.3	11.3	"1.62
1.9
2.19
2.19
2.2"
6170	リッチメディア			-1			
1431	エスケーホーム	不動産	不動産 - 多様化	36072800	5.4	9.0	"0.42
1.19
1.3
None
1.41"
3918	ＰＣＩホールディングス	技術	情報技術サービス	228977600	1.4	3.4	"-0.49
None
None
None
-0.48"
6049	イトクロ	通信サービス	インターネットコンテンツ・情報	18015200	0.4	5.4	"1.75
2.39
None
None
3.24"
3460	ジャパンシニアリビング投資法人	Unknown	Unknown	14669		1.1	"None
None
None
None
-0.09"
4980	デクセリアルズ	技術	電子部品	152378100	19.2	20.8	"4.41
4.84
5.33
5.87
8.01"
3917	アイリッジ	技術	ソフトウェア - アプリケーション	34000000	0.4	2.8	"None
None
None
None
-0.56"
7781	平山	産業	人材派遣・雇用サービス	9650800	6.3	8.0	"2.0
2.08
8.1
None
8.14"
7812	クレステック	産業	専門ビジネスサービス	21451100	3.0	4.0	"-0.59
None
None
None
7.45"
3138	富士山マガジンサービス	消費者循環	インターネット小売	15586200	0.6	3.0	"-0.94
None
None
None
-0.94"
3459	サムティ・レジデンシャル投資法人	不動産	REIT - 住宅	197863	2.0	2.7	"None
None
None
None
6.75"
6239	ナガオカ	エネルギー	石油・ガス精製・販売	3229400	5.3	8.4	"-1.0
3.47
7.79
None
7.82"
3137	ファンデリー	通信サービス	出版	8167200	0.4	4.0	"1.71
None
None
None
2.61"
7780	メニコン	ヘルスケア	医療機器・用品	39841600	3.1	8.9	"2.43
4.76
5.18
None
6.06"
6167	冨士ダイス	産業	ツール・アクセサリー	14907400	2.2	3.1	"7.1
None
None
None
7.1"
6166	中村超硬	産業	特殊産業機械	11822700	0.2	4.3	"0.62
None
None
None
2.34"
3136	エコノス			-1			
3916	デジタル・インフォメーション・テクノロジー	技術	情報技術サービス	45422400	4.7	4.8	"-0.58
None
None
None
8.76"
3135	マーケットエンタープライズ	消費者循環	インターネット小売	9534200	1.4	5.3	"-0.56
3.76
None
None
3.77"
9417	スマートバリュー	技術	ソフトウェア - インフラストラクチャ	49606400	1.5	6.1	"-0.66
-0.64
None
None
2.33"
4593	ヘリオス	ヘルスケア	バイオテクノロジー	48637800	0.2	2.8	"None
None
None
None
0.32"
6048	デザインワン・ジャパン	通信サービス	インターネットコンテンツ・情報	31479000	0.3	3.5	"1.04
None
None
None
1.19"
3915	テラスカイ	技術	ソフトウェア - インフラストラクチャ	149494400	1.8	5.3	"0.98
5.45
None
None
5.46"
3914	ジグソー	技術	ソフトウェア - インフラストラクチャ	54996200	1.5	9.1	"0.48
0.85
0.9
None
0.93"
6047	Gunosy	技術	ソフトウェア - アプリケーション	58387500	1.9	9.3	"-0.79
-0.79
1.04
None
1.51"
6046	リンクバル	通信サービス	インターネットコンテンツ・情報	47525400	1.2	14.7	"-0.84
1.9
2.49
2.73
2.79"
6045	レントラックス	通信サービス	広告代理店	27463800	1.6	3.0	"-0.56
None
None
None
-0.56"
6044	三機サービス	産業	専門ビジネスサービス	5689200	2.1	5.2	"1.18
2.58
None
None
2.58"
6040	日本スキー場開発	消費者循環	リゾート・カジノ	17454400	1.8	2.9	"None
None
None
None
-0.76"
3458	シーアールイー	不動産	不動産サービス	9301600	3.1	6.1	"4.32
5.58
None
None
5.59"
3134	Ｈａｍｅｅ	消費者循環	インターネット小売	43708800	5.1	11.6	"0.3
0.41
1.42
4.6
4.65"
3133	海帆	消費者循環	レストラン	9745200	1.6	3.3	"8.04
None
None
None
8.05"
4592	サンバイオ	ヘルスケア	バイオテクノロジー	20906000	1.4	17.0	"1.67
1.93
2.73
2.74
2.96"
3913	ｓＭｅｄｉｏ	技術	ソフトウェア - アプリケーション	20722000	0.6	6.5	"-0.89
-0.88
None
None
-0.7"
7813	プラッツ	ヘルスケア	医療機器・用品	46538400	1.8	6.3	"-0.9
-0.84
None
None
-0.83"
6039	日本動物高度医療センター	消費者循環	個人サービス	35602100	1.9	3.2	"2.14
None
None
None
2.15"
3912	モバイルファクトリー	通信サービス	電子ゲーム・マルチメディア	99998000	3.3	7.1	"0.88
1.02
1.53
None
1.53"
3131	シンデン・ハイテックス	技術	電子機器・コンピュータ流通	22757600	2.5	3.7	"1.74
None
None
None
1.77"
3457	ハウスドゥ	不動産	不動産サービス	74740000	6.3	16.1	"0.17
0.97
2.76
3.02
3.14"
3911	Aiming	通信サービス	電子ゲーム・マルチメディア	50922200	0.5	4.6	"-0.67
None
None
None
-0.64"
6038	イード	通信サービス	広告代理店	9849100	1.3	3.6	"-0.9
None
None
None
-0.9"
1430	ファーストコーポレーション	消費者循環	住宅建設	19188800	2.6	4.1	"0.27
None
None
None
2.81"
3445	ＲＳＴｅｃｈｎｏｌｏｇｉｅｓ	技術	半導体	9605600	7.7	10.2	"1.86
2.12
2.7
7.59
7.59"
3455	ヘルスケア＆メディカル投資法人	不動産	REIT - 医療施設	152414	1.6	2.9	"None
None
None
None
6.72"
3224	ヒューマンウェブ	消費者循環	レストラン	6877500	0.4	2.4	"None
None
None
None
-0.84"
3223	エスエルディー	消費者循環	レストラン	2171700	0.6	1.8	"None
None
None
None
0.36"
3909	ショーケース・ティービー	技術	ソフトウェア - アプリケーション	70557200	0.7	4.2	"-0.87
None
None
None
1.79"
3908	コラボス	技術	情報技術サービス	47383800	0.8	3.5	"-0.54
None
None
None
-0.54"
3910	エムケイシステム	技術	ソフトウェア - アプリケーション	64937000	0.6	4.0	"-0.65
None
None
None
3.98"
3907	シリコンスタジオ	通信サービス	電子ゲーム・マルチメディア	44359300	0.4	10.4	"-0.97
-0.97
-0.97
-0.95
-0.95"
1384	ホクリヨウ	消費者防衛	農産物	8651200	2.6	3.6	"2.9
None
None
None
2.93"
3906	ALBERT			-1			
6037	ファーストロジック	通信サービス	インターネットコンテンツ・情報	43883200	1.6	2.7	"None
None
None
None
-0.22"
3454	ファーストブラザーズ	金融サービス	資産運用	32768400	2.8	3.5	"1.93
None
None
None
1.95"
6036	KeePer技研	基礎材料	特殊化学品	26392000	17.6	28.9	"2.5
5.1
5.32
5.86
8.43"
3453	ケネディクス商業リート投資法人			-1			
3974	ティビィシィ・スキヤツト	技術	情報技術サービス	7045800	0.9	2.7	"None
None
None
None
-0.72"
3969	エイトレッド	技術	ソフトウェア - アプリケーション	26881200	1.7	3.4	"3.06
None
None
None
3.1"
3477	フォーライフ	消費者循環	住宅建設	14854000	1.6	2.5	"None
None
None
None
-0.73"
3970	イノベーション	技術	情報技術サービス	3941000	0.8	3.9	"2.51
None
None
None
2.51"
6541	グレイステクノロジー			-1			
3968	セグエグループ	技術	情報技術サービス	273964800	2.9	3.3	"6.85
None
None
None
6.87"
3556	リネットジャパングループ	消費者循環	インターネット小売	129418700	0.6	3.7	"-0.79
None
None
None
1.27"
6540	船場	産業	工学・建設	3448100	1.6	1.7	"None
None
None
None
7.38"
7316	ＺＭＰ			-1			
7192	日本モーゲージサービス	金融サービス	住宅ローン金融	52508400	1.6	4.6	"2.39
None
None
None
3.02"
7782	シンシア	ヘルスケア	医療機器・用品	50736200	0.8	2.3	"None
None
None
None
-0.29"
3476	投資法人みらい	不動産	REIT - 多様化	759008	1.7	2.0	"None
None
None
None
2.48"
6539	ＭＳ－Ｊａｐａｎ	産業	人材派遣・雇用サービス	158772800	2.3	4.5	"1.07
None
None
None
1.79"
6538	キャリアインデックス	産業	人材派遣・雇用サービス	26435200	0.5	6.3	"0.79
1.12
None
None
1.64"
3475	グッドコムアセット	不動産	不動産 - 多様化	42192000	8.2	9.8	"1.06
3.1
3.8
None
6.81"
7191	イントラスト	金融サービス	信用サービス	34845000	2.6	3.3	"1.09
None
None
None
6.38"
9282	いちごグリーンインフラ投資法人	不動産	REIT - 特殊	70682	1.5	2.6	"None
None
None
None
7.06"
3550	スタジオアタオ	消費者循環	フットウェア＆アクセサリー	58945200	0.3	2.7	"None
None
None
None
1.16"
3967	エルテス	技術	ソフトウェア - アプリケーション	50408400	0.3	2.6	"None
None
None
None
-0.72"
5704	ＪＭＣ	産業	専門ビジネスサービス	78623600	0.9	4.8	"0.75
None
None
None
0.88"
6537	ＷＡＳＨハウス	消費者循環	個人サービス	30310400	0.2	3.3	"0.33
None
None
None
0.33"
3267	フィル・カンパニー	産業	工学・建設	23379400	0.7	7.1	"0.93
1.1
1.18
None
1.18"
3548	バロックジャパンリミテッド	消費者循環	衣料品小売	17666100	1.1	2.1	"None
None
None
None
-0.93"
1438	岐阜造園	産業	工学・建設	60900	1.9	2.3	"None
None
None
None
1.68"
6535	アイモバイル	通信サービス	広告代理店	56317500	2.0	2.2	"None
None
None
None
4.59"
9142	九州旅客鉄道〔JR九州〕	産業	鉄道	283008700	1.7	1.8	"None
None
None
None
7.92"
3966	ユーザベース			-1			
7190	マーキュリアインベストメント			-1			
4189	KHネオケム	基礎材料	化学製品	25493500	2.1	3.9	"1.29
None
None
None
1.87"
3965	キャピタル・アセット・プランニング	技術	ソフトウェア - アプリケーション	22397200	1.0	4.9	"1.39
None
None
None
1.75"
3474	Ｇ－ＦＡＣＴＯＲＹ	不動産	不動産サービス	12453200	1.0	1.7	"None
None
None
None
0.27"
3964	オークネット	消費者循環	インターネット小売	14896600	2.5	2.7	"None
None
None
None
7.28"
3963	シンクロ・フード	産業	専門ビジネスサービス	139736700	1.6	6.4	"1.1
1.25
None
None
1.32"
3961	シルバーエッグ・テクノロジー	通信サービス	インターネットコンテンツ・情報	27388500	0.3	2.3	"None
None
None
None
-0.91"
3962	チェンジ	技術	情報技術サービス	293417600	7.0	32.1	"1.01
2.25
3.68
3.74
3.99"
3960	バリューデザイン			-1			
3940	ノムラシステムコーポレーション	技術	情報技術サービス	143779200	3.0	6.6	"0.53
0.56
None
None
0.57"
3547	串カツ田中	消費者循環	レストラン	73402800	2.0	8.5	"1.09
1.17
1.21
None
1.21"
3939	カナミックネットワーク	ヘルスケア	健康情報サービス	210722400	3.7	8.0	"1.08
1.16
3.61
None
3.61"
6533	デジタルアイデンティティ	通信サービス	広告代理店	46740800	1.6	9.1	"3.49
3.95
4.72
None
4.91"
3473	さくら総合リート投資法人			-1			
6532	ベイカレント・コンサルティング	産業	コンサルティングサービス	140182000	76.0	82.7	"0.83
1.33
2.82
3.07
4.73"
3545	デファクトスタンダード			-1			
3472	大江戸温泉リート投資法人	不動産	REIT - ホテル・モーテル	140659	1.3	1.5	"None
None
None
None
2.99"
3471	三井不動産ロジスティクスパーク投資法人	不動産	REIT - 多様化	956616	2.8	3.3	"4.97
None
None
None
5.06"
3470	マリモ地方創生リート投資法人	不動産	REIT - 多様化	63910	2.2	2.5	"None
None
None
None
7.51"
6531	リファインバース			-1			
3469	デュアルタップ	不動産	不動産 - 多様化	13260000	3.0	5.4	"1.21
1.42
None
None
1.44"
6200	インソース	消費者防衛	教育・訓練サービス	253916000	17.0	28.9	"0.51
1.26
1.35
2.87
6.15"
3938	LINE			-1			
6199	セラク	技術	情報技術サービス	89445200	2.2	4.5	"4.06
None
None
None
4.16"
3543	コメダホールディングス	消費者循環	レストラン	40563900	2.2	2.3	"None
None
None
None
6.98"
6197	ソラスト	ヘルスケア	医療施設	40454100	1.7	5.5	"1.36
4.19
None
None
4.4"
3542	ベガコーポレーション	消費者循環	インターネット小売	56824200	0.7	3.6	"4.1
None
None
None
4.1"
6198	キャリア	産業	人材派遣・雇用サービス	66574400	0.6	6.7	"0.44
1.36
None
None
1.43"
6193	バーチャレクス・コンサルティング	技術	情報技術サービス	44230600	1.1	2.6	"None
None
None
None
-0.77"
7187	ジェイリース	不動産	不動産サービス	65033600	8.5	9.9	"4.8
5.05
5.27
None
8.24"
6196	ストライク	金融サービス	資本市場	26532600	4.3	7.4	"0.38
1.99
4.29
None
4.31"
3937	ＡＷＳホールディングス	技術	ソフトウェア - アプリケーション	45984800	2.2	6.7	"0.95
4.22
None
None
4.45"
2820	やまみ	消費者防衛	包装食品	2006100	2.8	3.8	"7.61
None
None
None
8.22"
3541	農業総合研究所	消費者防衛	食品流通	248781000	1.1	5.0	"0.05
None
None
None
2.59"
6194	アトラエ	産業	人材派遣・雇用サービス	167772600	2.0	7.0	"0.96
1.53
5.07
None
5.07"
6195	ホープ	通信サービス	広告代理店	51935200	0.6	22.7	"2.95
3.19
3.28
3.8
4.19"
9281	タカラレーベン・インフラ投資法人			-1			
3539	ジャパンミート	消費者防衛	食料品店	15970100	2.9	3.8	"4.18
None
None
None
4.26"
3468	スターアジア不動産投資法人	不動産	REIT - 多様化	392140	1.9	2.3	"None
None
None
None
7.84"
3936	グローバルウェイ	技術	ソフトウェア - アプリケーション	122601000	1.0	16.4	"-0.99
-0.98
4.51
4.52
4.55"
3935	エディア	通信サービス	電子ゲーム・マルチメディア	61130400	0.4	3.2	"0.54
None
None
None
0.54"
3504	丸八ホールディングス			-1			
6192	ハイアス・アンド・カンパニー			-1			
3922	ＰＲＴＩＭＥＳ	通信サービス	インターネットコンテンツ・情報	39828000	5.4	16.0	"0.76
1.75
3.89
4.11
4.39"
6191	エボラブルアジア	消費者循環	旅行サービス	135406500	1.3	5.3	"0.78
5.5
None
None
5.5"
3934	ベネフィットジャパン	通信サービス	電気通信サービス	5562000	1.9	4.7	"3.7
None
None
None
5.62"
3538	ウイルプラスホールディングス	消費者循環	自動車・トラック販売	6674800	4.0	5.3	"0.87
1.81
None
None
4.98"
3933	チエル	技術	ソフトウェア - アプリケーション	84590000	1.5	6.6	"0.06
4.11
None
None
4.17"
6190	フェニックスバイオ	ヘルスケア	バイオテクノロジー	6703200	0.2	2.4	"None
None
None
None
-0.59"
6237	イワキポンプ	産業	特殊産業機械	5515500	7.0	8.3	"1.93
7.41
7.75
None
8.07"
9466	アイドママーケティングコミュニケーション	通信サービス	広告代理店	8356200	0.6	2.3	"None
None
None
None
2.02"
3467	アグレ都市デザイン	不動産	不動産サービス	16722600	5.3	5.7	"1.66
5.55
None
None
5.6"
6189	グローバルグループ	産業	専門ビジネスサービス	18858000	0.5	2.2	"None
None
None
None
-0.71"
7185	ヒロセ通商	金融サービス	資本市場	11468000	7.3	8.8	"0.4
1.9
7.95
None
8.07"
3932	アカツキ	通信サービス	電子ゲーム・マルチメディア	164037100	1.8	6.9	"0.1
1.24
None
None
1.41"
3537	昭栄薬品	基礎材料	特殊化学品	18556200	2.9	3.2	"7.34
None
None
None
7.48"
7184	富山第一銀行	金融サービス	銀行 - 地域	23762000	3.2	3.9	"7.85
None
None
None
8.03"
6188	富士ソフトサービスビューロ			-1			
6615	ユー・エム・シーエレクトロニクス	技術	電子部品	5195400	0.5	3.8	"1.63
None
None
None
2.12"
6187	LITALICO			-1			
1436	フィット	産業	工学・建設	2755300	3.4	4.8	"0.86
None
None
None
8.27"
2424	ブラス	消費者循環	個人サービス	8868800	1.1	2.5	"None
None
None
None
6.99"
2884	ヨシムラ・フード・ホールディングス	消費者防衛	包装食品	10010500	8.8	13.9	"0.61
1.12
1.5
1.61
1.63"
7811	中本パックス	産業	専門ビジネスサービス	8339000	3.1	3.4	"1.8
None
None
None
1.85"
3931	バリューゴルフ	通信サービス	出版	3023700	0.8	2.8	"None
None
None
None
0.97"
3930	はてな	通信サービス	インターネットコンテンツ・情報	13573100	0.5	3.3	"2.39
None
None
None
2.4"
3466	ラサールロジポート投資法人	不動産	REIT - 産業	1235909	2.1	2.6	"None
None
None
None
5.14"
9268	オプティマスグループ	消費者循環	自動車・トラック販売	230610000	6.6	18.3	"2.65
4.53
4.75
4.9
5.26"
6565	ABホテル	消費者循環	宿泊施設	21714000	1.0	2.6	"None
None
None
None
4.65"
6566	要興業	産業	廃棄物管理	42485500	2.3	2.3	"None
None
None
None
5.89"
6564	ミダック	産業	廃棄物管理	0	7.3	26.6	"1.88
2.74
2.88
3.24
3.74"
7199	プレミアグループ	金融サービス	信用サービス	124908600	7.5	7.5	"3.44
4.67
6.86
None
6.92"
6235	オプトラン	産業	特殊産業機械	69203100	1.3	2.8	"None
None
None
None
-0.88"
4249	森六ホールディングス	基礎材料	化学製品	17335000	1.0	1.4	"None
None
None
None
4.95"
6563	みらいワークス	産業	人材派遣・雇用サービス	52910400	1.3	4.1	"-0.99
None
None
None
-0.98"
3540	歯愛メディカル	消費者防衛	家庭用品・個人用品	2500	2.2	5.1	"1.57
1.7
None
None
1.74"
3999	ナレッジスイート			-1			
3998	すららネット	消費者防衛	教育・訓練サービス	49541500	0.6	14.7	"0.35
2.37
2.53
2.63
2.7"
6562	ジーニー	通信サービス	インターネットコンテンツ・情報	19209400	2.8	5.4	"-1.0
-1.0
None
None
-1.0"
2334	イオレ	技術	ソフトウェア - アプリケーション	4007200	0.4	3.4	"-1.0
None
None
None
-1.0"
6561	HANATOUR JAPAN	消費者循環	旅行サービス	30313300	0.9	3.4	"-0.61
None
None
None
-0.56"
6560	エル・ティー・エス	産業	コンサルティングサービス	27371300	1.7	4.4	"2.04
None
None
None
2.1"
7198	アルヒ	金融サービス	住宅ローン金融	32838400	0.9	2.4	"None
None
None
None
0.65"
3486	グローバル・リンク・マネジメント	不動産	不動産サービス	36819600	3.6	4.4	"-0.81
None
None
None
5.37"
3611	マツオカコーポレーション	消費者循環	衣料品製造	15523100	0.7	1.7	"None
None
None
None
-0.74"
6698	ヴィスコ・テクノロジーズ	技術	電子部品	90914400	0.7	2.9	"None
None
None
None
-0.96"
9143	SGホールディングス	産業	統合貨物・物流	503363800	1.7	3.8	"2.79
None
None
None
3.76"
8919	カチタス	消費者循環	住宅建設	1493400	-0.0	-0.1	"-0.24
-0.24
-0.24
-0.24
17.58"
9266	一家ダイニングプロジェクト			-1			
6559	アトリエはるか			-1			
3997	トレードワークス	技術	情報技術サービス	23331900	0.6	3.4	"-0.99
None
None
None
-0.99"
6558	クックビズ	産業	人材派遣・雇用サービス	9530100	0.6	4.2	"-0.97
None
None
None
-0.97"
7807	幸和製作所	消費者循環	家具、備品、家電	19868100	1.1	5.9	"-0.9
-0.83
None
None
-0.82"
9264	ポエック	産業	特殊産業機械	9171200	0.9	3.4	"0.33
None
None
None
0.33"
3996	サインポスト	技術	情報技術サービス	88382400	0.2	2.5	"None
None
None
None
0.37"
7808	シー・エス・ランバー	基礎材料	木材・木製品生産	4385400	2.9	4.5	"2.98
None
None
None
3.48"
7196	Casa	金融サービス	住宅ローン金融	19477200	1.1	1.8	"None
None
None
None
1.9"
9284	カナディアン・ソーラー・インフラ投資法人	不動産	REIT - 特殊	104867	1.2	1.9	"None
None
None
None
5.78"
3995	SKIYAKI			-1			
3484	テンポイノベーション	不動産	不動産サービス	54564000	1.9	2.6	"None
None
None
None
5.83"
9262	シルバーライフ	消費者防衛	包装食品	29670800	0.8	3.6	"0.66
None
None
None
0.89"
6555	MS&Consulting	技術	情報技術サービス	103946300	0.5	1.6	"None
None
None
None
-0.31"
4124	大阪油化工業	基礎材料	化学製品	21211100	0.8	2.9	"None
None
None
None
-0.71"
6556	ウェルビー			-1			
3994	マネーフォワード	技術	ソフトウェア - アプリケーション	34558800	3.2	6.5	"2.82
3.72
None
None
3.92"
6697	テックポイント	技術	半導体	32161300	1.2	2.6	"None
None
None
None
-0.73"
9260	西本Wismettacホールディングス	消費者防衛	食品流通	17240700	1.9	2.3	"None
None
None
None
6.01"
3482	ロードスターキャピタル	不動産	不動産サービス	154255000	4.5	6.7	"4.5
6.5
None
None
6.62"
7809	壽屋	消費者循環	レジャー	28287300	2.6	7.4	"3.38
4.37
4.58
None
4.6"
3993	PKSHATechnology	技術	ソフトウェア - インフラストラクチャ	106904000	1.2	2.8	"None
None
None
None
0.32"
3992	ニーズウェル	技術	ソフトウェア - インフラストラクチャ	51563200	2.3	4.4	"4.76
None
None
None
5.48"
3481	三菱地所物流リート投資法人	不動産	REIT - 産業	213051	1.8	2.4	"None
None
None
None
3.3"
3991	ウォンテッドリー	産業	人材派遣・雇用サービス	16778900	0.7	3.0	"1.52
None
None
None
1.52"
6554	エスユーエス	産業	コングロマリット	13741600	1.1	2.4	"None
None
None
None
0.32"
3990	ＵＵＵＭ	通信サービス	インターネットコンテンツ・情報	53095200	0.4	4.6	"0.44
None
None
None
0.59"
6696	トランザス	技術	通信機器	7825700	0.2	2.3	"None
None
None
None
-0.9"
3989	シェアリングテクノロジー	通信サービス	インターネットコンテンツ・情報	26651700	1.4	4.1	"0.85
None
None
None
1.12"
3480	ジェイ・エス・ビー	不動産	不動産開発	5682000	3.0	3.6	"5.99
None
None
None
6.87"
7810	クロスフォー	消費者循環	高級品	59837600	0.5	2.5	"None
None
None
None
-0.39"
3566	ユニフォームネクスト	消費者循環	衣料品小売	38055200	1.4	2.2	"None
None
None
None
-0.36"
6553	ソウルドアウト			-1			
6552	GameWith	通信サービス	電子ゲーム・マルチメディア	19139400	0.2	1.7	"None
None
None
None
0.38"
3988	SYSホールディングス	技術	情報技術サービス	15380000	1.7	2.3	"None
None
None
None
5.77"
6551	ツナグ・ソリューションズ	産業	人材派遣・雇用サービス	24548400	0.5	1.9	"None
None
None
None
-0.61"
6550	Fringe81	技術	ソフトウェア - アプリケーション	18045600	0.2	1.9	"None
None
None
None
-0.2"
3987	エコモット	技術	ソフトウェア - インフラストラクチャ	6641400	0.8	4.7	"0.32
None
None
None
1.44"
6549	ディーエムソリューションズ	通信サービス	広告代理店	6179000	0.9	3.2	"2.62
None
None
None
2.62"
3986	ビーブレイクシステムズ	技術	ソフトウェア - アプリケーション	4557000	0.5	2.7	"None
None
None
None
-0.96"
3565	アセンテック	技術	情報技術サービス	132797600	1.1	4.2	"2.71
None
None
None
3.21"
6548	旅工房	消費者循環	旅行サービス	26667600	0.2	3.2	"-0.67
None
None
None
-0.65"
3564	LIXILビバ			-1			
7940	ウェーブロックホールディングス	基礎材料	特殊化学品	95428900	1.3	2.8	"None
None
None
None
0.99"
3985	テモナ	通信サービス	インターネットコンテンツ・情報	89139200	0.3	2.6	"None
None
None
None
2.99"
6175	ネットマーケティング			-1			
3984	ユーザーローカル	技術	情報技術サービス	20976800	1.6	2.5	"None
None
None
None
5.47"
3563	スシローグローバルホールディングス	消費者循環	レストラン	41765200	4.1	6.9	"2.59
3.57
None
None
4.32"
9283	日本再生可能エネルギーインフラ投資法人			-1			
3964	オークネット	消費者循環	インターネット小売	14896600	2.5	2.7	"None
None
None
None
7.28"
3562	No.1	産業	業務用機器・用品	21494000	4.8	5.8	"2.42
2.57
None
None
2.57"
6694	ズーム	技術	コンシューマーエレクトロニクス	6547600	1.2	3.7	"4.21
None
None
None
4.6"
3479	ティーケーピー	不動産	不動産サービス	79516500	0.9	4.1	"0.79
None
None
None
2.16"
4597	ソレイジア・ファーマ	ヘルスケア	医薬品メーカー - 専門・ジェネリック	1744692800	0.2	2.8	"None
None
None
None
0.14"
3983	オロ	技術	ソフトウェア - アプリケーション	34029600	3.8	7.2	"1.22
1.45
3.69
None
3.74"
6547	グリーンズ	消費者循環	宿泊施設	14212100	1.5	2.1	"None
None
None
None
6.53"
3978	マクロミル	通信サービス	広告代理店	82000000	2.3	5.9	"13.14
13.7
None
None
13.75"
6546	フルテック	産業	特殊産業機械	9693700	1.6	1.9	"None
None
None
None
3.69"
3982	エスキュービズム			-1			
3561	力の源ホールディングス	消費者循環	レストラン	33189400	1.2	2.7	"None
None
None
None
0.26"
6545	インターネットインフィニティー	ヘルスケア	健康情報サービス	47149600	0.5	3.4	"0.66
None
None
None
0.75"
3981	ビーグリー	通信サービス	インターネットコンテンツ・情報	58399900	0.9	1.7	"None
None
None
None
-0.9"
6544	ジャパンエレベーターサービスホールディングス	産業	専門ビジネスサービス	282592000	22.4	26.3	"0.57
0.78
1.47
2.16
7.51"
3560	ほぼ日	消費者循環	専門小売	3123600	0.8	1.6	"None
None
None
None
1.38"
3979	うるる	技術	情報技術サービス	49908600	1.1	2.2	"None
None
None
None
-0.76"
9325	ファイズ	産業	専門ビジネスサービス	142039600	1.2	2.5	"None
None
None
None
0.13"
3559	ピーバンドットコム	技術	電子部品	18493400	0.5	2.1	"None
None
None
None
2.28"
3558	ロコンド	消費者循環	インターネット小売	22017000	2.5	5.4	"2.71
2.83
None
None
2.84"
3557	ユナイテッド＆コレクティブ	消費者循環	レストラン	8387600	0.6	2.9	"None
None
None
None
0.3"
9519	レノバ	公共事業	再生可能エネルギー	408134000	3.3	24.6	"0.65
1.04
3.19
3.24
4.07"
3977	フュージョン			-1			
6543	日宣	通信サービス	広告代理店	3086000	0.9	1.5	"None
None
None
None
-0.99"
1439	安江工務店	産業	工学・建設	16157800	2.2	2.2	"None
None
None
None
6.99"
3478	森トラスト・ホテルリート投資法人			-1			
3976	シャノン	技術	ソフトウェア - アプリケーション	24394800	0.4	3.4	"-0.9
None
None
None
-0.9"
4428	リンク	技術	ソフトウェア - アプリケーション	44405000	0.6	3.0	"0.34
None
None
None
0.34"
7330	レオス・キャピタルワークス			-1			
7048	ベルトラ	消費者循環	旅行サービス	100017900	0.6	3.6	"0.16
None
None
None
0.25"
4427	EduLab	技術	情報技術サービス	16324200	0.1	3.1	"1.67
None
None
None
1.67"
7047	ポート	通信サービス	インターネットコンテンツ・情報	8499400	2.0	3.3	"3.7
None
None
None
3.72"
7037	テノ．ホールディングス	ヘルスケア	医療施設	6851700	0.9	3.0	"None
None
None
None
1.82"
6232	自律制御システム研究所	技術	コンピュータハードウェア	13816800	0.5	2.2	"None
None
None
None
0.48"
4424	Amazia	技術	ソフトウェア - アプリケーション	21135200	0.5	7.5	"0.36
1.11
1.15
None
1.18"
7671	AmidAホールディングス			-1			
4425	Kudan	技術	ソフトウェア - アプリケーション	7101400	0.2	3.0	"-0.54
None
None
None
-0.54"
9434	ソフトバンク	通信サービス	電気通信サービス	14445638000	17.6	18.5	"1.76
2.64
3.64
4.14
5.42"
7046	テクノスデータサイエンス・エンジニアリング	技術	情報技術サービス	13697600	0.4	2.6	"None
None
None
None
-0.48"
1450	田中建設工業	産業	工学・建設	2976400	2.3	2.8	"None
None
None
None
3.59"
7045	ツクイスタッフ			-1			
2970	グッドライフカンパニー	不動産	不動産サービス	5018400	4.8	10.7	"1.16
5.1
5.17
5.26
5.26"
7670	オーウエル	産業	コングロマリット	18950900	1.6	2.4	"None
None
None
None
5.25"
1449	FUJIジャパン			-1			
4423	アルテリア・ネットワークス			-1			
7044	ピアラ	通信サービス	広告代理店	20633200	0.3	2.6	"None
None
None
None
1.17"
7043	アルー	産業	人材派遣・雇用サービス	11247000	0.9	2.4	"None
None
None
None
1.73"
3498	霞ヶ関キャピタル	産業	コングロマリット	8896000	22.5	33.8	"0.8
0.81
2.86
2.92
5.4"
7042	アクセスグループ・ホールディングス	消費者循環	個人サービス	5593500	0.9	3.3	"-0.77
None
None
None
-0.77"
4422	VALUENEX	産業	コンサルティングサービス	13721100	0.4	3.3	"-0.92
None
None
None
-0.92"
3497	リーガル不動産	不動産	不動産サービス	7273400	1.4	2.0	"None
None
None
None
-0.17"
4421	ディ・アイ・システム	技術	情報技術サービス	10789200	1.5	3.1	"-0.18
None
None
None
-0.18"
9279	ギフト	消費者循環	レストラン	21443200	5.7	6.0	"3.88
5.37
None
None
6.04"
7805	プリントネット	産業	専門ビジネスサービス	21324300	1.3	4.5	"-0.98
None
None
None
-0.98"
4420	イーソル	技術	電子機器・コンピュータ流通	100396800	0.7	2.8	"None
None
None
None
1.07"
4598	Delta-Fly Pharma	ヘルスケア	バイオテクノロジー	2370300	0.4	3.6	"-0.82
None
None
None
-0.82"
7041	CRGホールディングス	産業	人材派遣・雇用サービス	15343100	0.8	3.3	"-0.88
None
None
None
-0.88"
7039	ブリッジインターナショナル	産業	コンサルティングサービス	13375000	1.2	3.3	"0.77
None
None
None
0.81"
3612	ワールド	消費者循環	百貨店	14846800	1.6	2.3	"None
None
None
None
0.88"
7038	フロンティア・マネジメント	産業	専門ビジネスサービス	36816800	1.5	6.4	"-0.68
1.21
None
None
1.34"
9285	東京インフラ・エネルギー投資法人	公共事業	Utilities—Renewable	25062	0.8	1.5	"None
None
None
None
0.86"
6233	極東産機	産業	特殊産業機械	33555200	1.0	2.8	"None
None
None
None
-0.9"
7326	SBIインシュアランスグループ	金融サービス	Insurance—Diversified	11291100	1.2	2.4	"None
None
None
None
-0.24"
4398	ブロードバンドセキュリティ	技術	情報技術サービス	32539300	1.0	2.5	"None
None
None
None
-0.89"
7325	アイリックコーポレーション	金融サービス	Insurance—Life	8043200	0.8	2.5	"None
None
None
None
0.4"
7036	イーエムネットジャパン	通信サービス	広告代理店	21826000	1.4	7.6	"2.51
2.68
2.97
None
2.97"
7037	テノ．ホールディングス	ヘルスケア	医療施設	6851700	0.9	3.0	"None
None
None
None
1.82"
3496	アズーム	不動産	不動産サービス	22446400	14.3	15.6	"-0.94
1.26
2.22
3.24
4.07"
3495	香陵住販	不動産	不動産サービス	2717600	3.3	3.4	"4.61
None
None
None
5.9"
3494	マリオン	不動産	不動産サービス	8901500	2.4	3.9	"4.9
None
None
None
5.14"
3493	伊藤忠アドバンス・ロジスティクス投資法人	不動産	REIT—Industrial	224675	1.6	2.5	"None
None
None
None
3.03"
9275	ナルミヤ・インターナショナル	消費者循環	衣料品製造	5738900	1.5	1.6	"None
None
None
None
5.34"
7035	and factory	技術	Software—Application	34971000	0.1	1.6	"None
None
None
None
0.16"
4397	チームスピリット	技術	Software—Application	54770400	0.5	4.5	"0.46
None
None
None
0.78"
4396	システムサポート	技術	情報技術サービス	21964400	4.9	6.2	"1.01
1.41
None
None
1.49"
5699	イボキン	産業	廃棄物管理	19719400	1.8	4.9	"2.48
None
None
None
2.79"
3492	タカラレーベン不動産投資法人	不動産	REIT—Diversified	294297	1.2	1.8	"None
None
None
None
2.53"
7034	プロレド・パートナーズ	産業	コンサルティングサービス	56442800	0.3	3.8	"1.75
None
None
None
2.11"
4395	アクリート	通信サービス	電気通信サービス	44239500	1.2	5.7	"2.55
3.96
None
None
3.97"
4394	エクスモーション	技術	情報技術サービス	36693400	0.6	2.4	"None
None
None
None
-0.25"
3491	GA technologies	通信サービス	インターネットコンテンツ・情報	99747600	1.6	5.2	"1.67
2.14
None
None
2.14"
4393	バンク・オブ・イノベーション	通信サービス	電子ゲーム・マルチメディア	21509500	4.1	12.0	"1.21
3.4
3.4
3.41
3.42"
7033	マネジメントソリューションズ	産業	コンサルティングサービス	58921200	7.2	19.0	"0.58
1.83
2.15
2.84
3.78"
7806	MTG	消費者防衛	家庭用品・個人用品	25654800	1.7	6.8	"-0.96
-0.96
None
None
-0.96"
1446	キャンディル	産業	工学・建設	13390800	1.4	2.5	"None
None
None
None
1.22"
7030	スプリックス	消費者防衛	教育・訓練サービス	22380100	0.5	1.8	"None
None
None
None
-0.92"
7032	パデコ			-1			
7031	インバウンドテック	産業	専門ビジネスサービス	8564100	1.0	2.7	"None
None
None
None
-0.75"
4390	IPS	通信サービス	電気通信サービス	92352500	2.9	3.6	"1.59
None
None
None
1.72"
4388	エーアイ	技術	通信機器	16713900	0.4	2.5	"None
None
None
None
-0.49"
4389	プロパティデータバンク	技術	Software—Application	9599100	2.7	5.5	"1.61
1.81
None
None
1.81"
9274	国際紙パルプ商事	基礎材料	紙・紙製品	96522000	3.4	5.1	"3.64
3.9
None
None
3.9"
6580	ライトアップ	産業	専門ビジネスサービス	9469200	3.3	9.7	"-0.66
1.99
2.09
None
2.7"
4387	ZUU	技術	Software—Application	39342000	0.5	3.2	"-0.87
None
None
None
-0.87"
9273	コーア商事ホールディングス	ヘルスケア	Drug Manufacturers—Specialty & Generic	47013600	3.7	5.8	"1.23
1.64
None
None
3.04"
4386	SIG	技術	情報技術サービス	15060900	1.2	2.7	"None
None
None
None
1.82"
6579	ログリー	通信サービス	インターネットコンテンツ・情報	19311800	0.3	4.9	"1.34
None
None
None
1.36"
4385	メルカリ	消費者循環	インターネット小売	147881400	1.2	4.3	"-0.52
None
None
None
2.91"
4384	ラクスル	産業	専門ビジネスサービス	109610600	1.2	3.6	"3.28
None
None
None
3.47"
6578	エヌリンクス	産業	コングロマリット	8142600	0.8	2.6	"None
None
None
None
-0.19"
6577	ベストワンドットコム	消費者循環	旅行サービス	2667600	1.3	3.6	"-0.67
None
None
None
-0.67"
7323	アイペット損害保険			-1			
4382	HEROZ	技術	Software—Application	28564000	0.3	3.3	"-0.58
None
None
None
-0.58"
6574	コンヴァノ	消費者循環	個人サービス	12085300	2.8	3.9	"-0.93
None
None
None
5.52"
6575	ヒューマン・アソシエイツ・ホールディングス			-1			
4381	ビープラッツ	技術	Software—Application	17771600	0.2	2.6	"None
None
None
None
0.75"
9272	ブティックス	消費者循環	インターネット小売	35602400	2.0	4.5	"4.07
None
None
None
4.52"
7320	日本リビング保証	技術	Software—Application	3642000	5.5	6.0	"1.78
2.76
None
None
2.87"
9271	和心	消費者循環	衣料品小売	4011600	0.5	6.1	"-0.74
-0.47
None
None
-0.46"
3490	アズ企画設計	不動産	不動産サービス	3078100	2.0	4.3	"-0.75
None
None
None
-0.74"
6573	アジャイルメディア・ネットワーク	通信サービス	広告代理店	59966100	0.3	5.6	"-0.88
-0.87
None
None
-0.87"
6572	RPAホールディングス	技術	情報技術サービス	84082000	0.2	2.9	"None
None
None
None
0.77"
6571	"キュービーネット
ホールディングス"	消費者循環	個人サービス	16121900	0.6	1.6	"None
None
None
None
0.94"
9450	ファイバーゲート	通信サービス	電気通信サービス	85523200	1.6	4.8	"0.99
None
None
None
2.72"
9270	SOU	消費者循環	専門小売	55118400	0.4	3.0	"None
None
None
None
2.7"
3447	信和	産業	金属製造	11533000	0.9	1.2	"None
None
None
None
1.04"
6570	共和コーポレーション	消費者循環	レジャー	6575400	2.0	2.1	"None
None
None
None
-0.63"
3489	フェイスネットワーク	不動産	不動産サービス	21867000	5.1	6.0	"-0.78
5.1
None
None
5.56"
6569	日総工産			-1			
6568	神戸天然物化学	基礎材料	化学製品	42307800	0.8	3.4	"-0.74
None
None
None
-0.72"
6567	SERIOホールディングス			-1			
3446	ジェイテックコーポレーション	ヘルスケア	医療機器・用品	19507400	0.5	4.3	"-0.82
None
None
None
-0.82"
4380	Mマート	消費者防衛	食料品店	18062200	2.1	5.9	"-0.83
-0.83
None
None
-0.83"
3488	ザイマックス・リート投資法人	不動産	REIT—Diversified	261867	1.3	1.5	"None
None
None
None
4.53"
6234	世紀			-1			
3487	CREロジスティクスファンド投資法人	不動産	REIT—Diversified	206600	1.7	2.7	"None
None
None
None
3.02"
7080	スポーツフィールド	産業	人材派遣・雇用サービス	21352800	2.3	4.2	"-1.0
None
None
None
-0.99"
7079	WDBココ	ヘルスケア	健康情報サービス	3711900	2.0	4.1	"1.65
None
None
None
1.66"
4488	AI inside	技術	Software—Infrastructure	5845200	0.3	7.8	"0.45
0.79
0.85
None
0.85"
6557	global bridgeHOLDINGS	ヘルスケア	医療施設	0	6.0	8.3	"2.15
2.15
2.15
None
2.16"
7686	カクヤス	消費者防衛	食品流通	41921700	2.1	4.3	"1.51
None
None
None
3.5"
4487	スペースマーケット	不動産	不動産サービス	64968800	0.7	3.7	"-0.29
None
None
None
-0.28"
4881	ファンペップ	ヘルスケア	バイオテクノロジー	31879200	0.5	3.1	"-0.99
None
None
None
-0.99"
7078	INCLUSIVE	通信サービス	広告代理店	8650500	1.7	16.5	"-0.25
0.95
1.03
1.62
1.63"
2980	SREホールディングス	不動産	不動産サービス	8739200	2.4	7.3	"0.77
1.26
1.68
None
1.68"
2981	ランディックス	不動産	Real Estate—Development	6551400	1.9	3.5	"-0.26
None
None
None
3.25"
4485	JTOWER	通信サービス	電気通信サービス	77997000	1.4	4.9	"0.86
None
None
None
1.88"
4486	ユナイトアンドグロウ	技術	情報技術サービス	12547000	2.4	5.0	"-0.28
0.55
None
None
0.55"
7685	BuySellTechnologies	消費者循環	インターネット小売	20364600	6.5	9.9	"0.44
1.12
2.29
None
2.44"
4478	フリー	技術	Software—Application	67459900	1.0	4.9	"0.79
None
None
None
1.17"
4482	ウィルズ	通信サービス	インターネットコンテンツ・情報	37434000	1.1	3.5	"0.82
None
None
None
0.86"
4481	ベース	技術	Software—Application	20989200	3.3	6.3	"0.51
2.95
None
None
3.11"
4483	JMDC	ヘルスケア	健康情報サービス	44599400	2.5	5.7	"0.54
1.58
None
None
1.67"
4484	ランサーズ	技術	Software—Application	48589400	0.6	3.7	"0.41
None
None
None
0.45"
4480	メドレー	ヘルスケア	健康情報サービス	51617100	3.6	5.9	"0.45
0.82
None
None
0.85"
4479	マクアケ	金融サービス	資産運用	84704900	0.2	4.6	"0.33
None
None
None
0.62"
3449	テクノフレックス	産業	金属製造	22047000	1.8	2.3	"None
None
None
None
0.3"
7077	ALiNKインターネット	通信サービス	インターネットコンテンツ・情報	9348700	0.7	3.2	"-0.31
None
None
None
-0.3"
2979	SOSiLA物流リート投資法人	不動産	REIT—Industrial	475101	1.4	2.4	"None
None
None
None
1.47"
7076	名南M&A			-1			
7074	トゥエンティーフォーセブン	消費者循環	個人サービス	19968600	0.4	9.4	"-0.33
-0.33
-0.32
None
-0.29"
7683	ダブルエー	消費者循環	衣料品小売	8487200	3.6	4.2	"3.31
None
None
None
4.59"
4251	恵和	技術	電子部品	91770400	2.6	8.2	"0.18
1.78
2.03
None
2.04"
7073	ジェイック	消費者防衛	教育・訓練サービス	5878200	0.8	4.2	"-0.98
None
None
None
-0.98"
4880	セルソース	ヘルスケア	バイオテクノロジー	153810000	1.5	10.1	"0.7
0.96
1.63
2.12
2.12"
4477	BASE	技術	Software—Application	152585500	1.7	18.4	"0.18
0.25
0.32
0.42
0.56"
7072	インティメート・マージャー	技術	情報技術サービス	3642200	0.6	3.1	"1.61
None
None
None
1.61"
4691	ワシントンホテル	消費者循環	宿泊施設	13673000	1.5	3.0	"-0.79
None
None
None
-0.79"
7682	浜木綿	消費者循環	レストラン	7993200	5.9	7.4	"2.04
3.32
4.03
None
4.14"
7071	アンビスホールディングス	ヘルスケア	医療施設	52896000	1.9	7.3	"1.32
2.1
3.34
None
3.35"
4476	AI CROSS	技術	Software—Application	60135300	1.8	2.7	"None
None
None
None
-0.3"
4475	HENNGE	技術	Software—Infrastructure	31327200	2.1	7.4	"0.61
0.93
1.23
None
1.23"
7681	レオクラン	ヘルスケア	医療流通	35120100	2.7	4.6	"-0.47
None
None
None
-0.45"
4450	パワーソリューションズ	技術	情報技術サービス	10032600	1.4	2.8	"None
None
None
None
-0.5"
6597	HPCシステムズ	技術	コンピュータハードウェア	13506600	0.9	3.9	"1.19
None
None
None
1.22"
4448	Chatwork	技術	Software—Application	19372100	1.1	3.7	"0.56
None
None
None
0.6"
4449	ギフティ	消費者循環	インターネット小売	29560200	1.3	4.7	"0.48
None
None
None
0.91"
7069	サイバー・バズ	通信サービス	広告代理店	15157700	0.3	2.9	"None
None
None
None
-0.2"
7800	アミファ	消費者循環	包装および容器	30427400	1.4	3.8	"-0.47
None
None
None
-0.45"
4447	ピー・ビーシステムズ	技術	Software—Application	27995600	0.9	2.0	"None
None
None
None
-0.81"
4599	ステムリム	ヘルスケア	バイオテクノロジー	24848100	1.2	4.9	"-0.62
None
None
None
3.06"
2978	ツクルバ	不動産	不動産サービス	16392000	1.6	4.6	"-0.68
None
None
None
-0.61"
7803	ブシロード	通信サービス	電子ゲーム・マルチメディア	306454000	1.0	2.9	"None
None
None
None
1.67"
7804	ビーアンドピー	通信サービス	広告代理店	3515600	2.5	3.3	"-0.65
None
None
None
-0.65"
4446	Link-U	技術	Software—Application	16283100	0.4	2.4	"None
None
None
None
0.72"
7068	フィードフォース	通信サービス	広告代理店	61114400	1.7	6.5	"-0.73
0.38
None
None
0.42"
4445	リビン・テクノロジーズ	不動産	不動産サービス	4179500	1.6	7.8	"-0.76
-0.76
-0.76
None
-0.76"
7678	あさくま	消費者循環	レストラン	3467500	3.2	3.4	"4.21
None
None
None
4.28"
4931	新日本製薬	消費者循環	専門小売	26693900	2.4	4.2	"0.44
None
None
None
0.68"
7677	ヤシマキザイ	産業	鉄道	8843800	1.7	2.4	"None
None
None
None
2.25"
4444	インフォネット	技術	情報技術サービス	6175800	1.5	6.8	"-0.73
-0.73
None
None
-0.73"
7067	ブランディングテクノロジー	通信サービス	広告代理店	3800400	1.1	4.7	"-0.77
None
None
None
-0.77"
7066	ピアズ	産業	コングロマリット	25015600	3.6	6.9	"-0.74
-0.74
None
None
3.95"
4443	Sansan	技術	Software—Application	88698000	2.2	3.9	"1.85
None
None
None
2.07"
2976	日本グランデ			-1			
7065	ユーピーアール	産業	レンタルおよびリースサービス	45445500	1.2	6.8	"0.39
0.58
None
None
1.07"
2974	大英産業			-1			
4442	バルテス	技術	情報技術サービス	90542400	2.0	5.2	"0.45
3.28
None
None
3.29"
4441	トビラシステムズ	技術	通信機器	38900700	0.8	3.6	"-0.82
None
None
None
-0.77"
7676	グッドスピード			-1			
7064	ハウテレビジョン	産業	人材派遣・雇用サービス	4981500	2.8	5.6	"-0.9
-0.81
None
None
2.58"
4440	ヴィッツ	技術	Software—Application	11129400	0.9	5.0	"-0.93
0.45
None
None
0.45"
4439	東名	産業	コングロマリット	11281800	6.4	6.4	"2.92
4.6
None
None
4.68"
4438	Welby	ヘルスケア	健康情報サービス	5068400	0.4	5.7	"-0.95
-0.95
None
None
-0.76"
7063	エードット	通信サービス	広告代理店	15430400	0.4	2.7	"None
None
None
None
0.5"
7674	NATTY SWANKY	消費者循環	レストラン	2646600	1.8	2.7	"None
None
None
None
-0.47"
7062	フレアス	消費者循環	個人サービス	3299400	2.2	6.7	"-0.99
-0.99
None
None
-0.99"
7061	日本ホスピスホールディングス	ヘルスケア	医療施設	44545100	1.2	3.0	"3.07
None
None
None
3.07"
4437	gooddaysホールディングス	不動産	不動産サービス	8169200	1.5	2.9	"None
None
None
None
-0.97"
7060	ギークス	技術	情報技術サービス	46189400	0.5	3.0	"None
None
None
None
-0.95"
7059	コプロ・ホールディングス	産業	人材派遣・雇用サービス	23958400	5.3	5.5	"3.23
3.92
None
None
3.99"
4436	ミンカブ・ジ・インフォノイド	通信サービス	インターネットコンテンツ・情報	18454000	1.2	6.8	"0.39
0.8
None
None
0.92"
1451	KHC	不動産	Real Estate—Development	3505300	2.4	2.4	"None
None
None
None
4.55"
7058	共栄セキュリティーサービス	産業	セキュリティおよび保護サービス	4020700	1.4	3.2	"-0.18
None
None
None
-0.18"
4435	カオナビ	技術	Software—Infrastructure	39779200	1.0	4.1	"1.43
None
None
None
1.58"
7057	エヌ・シー・エヌ	産業	工学・建設	11754500	1.7	2.8	"None
None
None
None
1.03"
4434	サーバーワークス	技術	Software—Infrastructure	13831600	0.9	4.2	"0.54
None
None
None
0.77"
4432	ウイングアーク1st	技術	Software—Application	32556700	2.9	3.0	"2.66
None
None
None
2.66"
2972	サンケイリアルエステート投資法人	不動産	REIT—Office	187887	0.9	1.5	"None
None
None
None
2.32"
7673	ダイコー通産	技術	通信機器	7034600	1.6	2.4	"None
None
None
None
0.74"
1887	日本国土開発	産業	工学・建設	92753700	1.1	1.7	"None
None
None
None
-0.31"
4431	スマレジ	技術	Software—Application	54748200	2.7	3.7	"1.65
None
None
None
1.78"
7050	フロンティアインターナショナル	通信サービス	広告代理店	10018900	0.8	2.7	"None
None
None
None
2.49"
4430	東海ソフト	技術	Software—Infrastructure	10669600	1.6	2.3	"None
None
None
None
0.38"
4429	リックソフト	技術	Software—Application	20035600	0.3	2.4	"None
None
None
None
-0.35"
7049	識学	産業	専門ビジネスサービス	40518900	0.5	2.5	"None
None
None
None
1.0"
2971	エスコンジャパンリート投資法人	不動産	REIT—Retail	93743	1.4	1.8	"None
None
None
None
2.46"
9286	エネクス・インフラ投資法人	Unknown	Unknown	50425	0.7	1.1	"None
None
None
None
0.68"
7360	オンデック	金融サービス	資本市場	9668100	0.7	4.7	"-0.99
None
None
None
-0.98"
4884	クリングルファーマ	ヘルスケア	バイオテクノロジー	12448300	1.5	2.3	"None
None
None
None
-0.93"
4881	ファンペップ	ヘルスケア	バイオテクノロジー	31879200	0.5	3.1	"-0.99
None
None
None
-0.99"
6230	SANEI	産業	Building Products & Equipment	9735200	1.4	2.0	"None
None
None
None
3.57"
4172	東和ハイシステム	ヘルスケア	健康情報サービス	3891900	0.8	1.8	"None
None
None
None
-0.94"
7359	東京通信	通信サービス	広告代理店	24461400	0.6	3.9	"1.2
None
None
None
1.21"
4171	グローバルインフォメーション	産業	専門ビジネスサービス	7559500	1.0	2.2	"None
None
None
None
-0.65"
7695	交換できるくん	消費者循環	インターネット小売	6874200	1.0	2.9	"None
None
None
None
0.31"
4169	ENECHANGE	技術	Software—Application	172368800	0.5	6.4	"0.77
0.9
None
None
0.9"
4170	Kaizen Platform	通信サービス	広告代理店	117112200	0.3	4.5	"-0.99
None
None
None
-0.67"
7342	ウェルスナビ	金融サービス	資産運用	160251100	0.5	2.4	"None
None
None
None
0.3"
4168	ヤプリ	技術	Software—Application	34674300	0.3	2.4	"None
None
None
None
-0.57"
7358	ポピンズホールディングス	消費者循環	個人サービス	10419300	0.5	2.1	"None
None
None
None
0.37"
7694	いつも	産業	専門ビジネスサービス	29200500	0.3	4.2	"-0.99
None
None
None
-0.96"
7031	インバウンドテック	産業	専門ビジネスサービス	8564100	1.0	2.7	"None
None
None
None
-0.75"
4167	ココペリ	技術	Software—Application	41088700	0.2	4.3	"-0.98
None
None
None
-0.96"
4166	かっこ	技術	Software—Application	12314200	0.4	3.5	"-0.97
None
None
None
-0.97"
6229	オーケーエム	産業	特殊産業機械	52768500	1.2	2.4	"None
None
None
None
-0.57"
4935	リベルタ	消費者防衛	家庭用品・個人用品	18563600	3.6	4.0	"2.62
None
None
None
2.62"
4020	ビートレンド	技術	Software—Application	3573600	0.6	3.5	"-1.0
None
None
None
-1.0"
4165	プレイド	技術	Software—Application	73602700	0.7	2.5	"None
None
None
None
-0.66"
7944	ローランド	消費者循環	レジャー	169100	3.3	5.3	"19.08
19.42
None
None
19.47"
6612	バルミューダ	消費者循環	家具、備品、家電	85182100	0.3	2.7	"None
None
None
None
0.11"
7092	Fast FitnessJapan	消費者循環	レジャー	40264692	0.6	2.4	"None
None
None
None
0.44"
4019	スタメン	技術	Software—Application	40558200	1.1	2.6	"None
None
None
None
-1.0"
9145	ビーイングホールディングス	産業	統合貨物・物流	41674900	1.9	2.7	"None
None
None
None
3.07"
4494	バリオセキュア	技術	Software—Infrastructure	5057600	0.5	1.5	"None
None
None
None
-1.0"
4017	クリーマ	消費者循環	インターネット小売	12549300	0.2	3.6	"-1.0
None
None
None
-0.87"
7357	ジオコード	通信サービス	広告代理店	10999700	0.7	3.7	"-0.96
None
None
None
-0.96"
4016	MITホールディングス	技術	情報技術サービス	5533400	0.9	3.7	"-1.0
None
None
None
-1.0"
4015	アララ	技術	Software—Application	26345700	0.5	4.0	"-1.0
None
None
None
-0.99"
7356	Retty	通信サービス	インターネットコンテンツ・情報	79449000	0.2	2.6	"None
None
None
None
-0.77"
7097	さくらさくプラス	ヘルスケア	医療施設	6240500	0.5	1.6	"None
None
None
None
-0.96"
4934	プレミアアンチエイジング	消費者防衛	家庭用品・個人用品	33629000	0.1	3.6	"0.58
None
None
None
0.71"
4014	カラダノート	技術	Software—Application	120988000	0.4	1.8	"None
None
None
None
-0.79"
7692	アースインフィニティ	公共事業	Utilities—Diversified	370720800	3.4	30.0	"-0.77
1.19
1.56
1.57
1.71"
4013	日通システム	技術	Software—Application	29598600	0.5	3.0	"None
None
None
None
-0.98"
6600	キオクシアホールディングス			-1			
7354	ダイレクトマーケティングミックス	通信サービス	広告代理店	31365600	0.2	1.9	"None
None
None
None
0.96"
2987	タスキ			-1			
4012	アクシス	技術	情報技術サービス	23558400	0.9	3.2	"-0.86
None
None
None
-0.86"
4011	ヘッドウォータース	技術	Software—Application	11988400	3.5	7.2	"-0.87
-0.87
2.55
None
2.55"
4060	rakumo	技術	Software—Application	33440600	0.8	3.5	"-0.88
None
None
None
-0.87"
4933	I-ne	消費者防衛	家庭用品・個人用品	45795800	1.3	2.6	"None
None
None
None
2.18"
2932	STIフードホールディングス	消費者防衛	包装食品	21723100	2.5	3.0	"4.06
None
None
None
4.06"
4059	まぐまぐ	通信サービス	インターネットコンテンツ・情報	19884200	0.6	5.7	"-0.9
-0.89
None
None
-0.88"
4930	グラフィコ			-1			
4058	トヨクモ	技術	Software—Application	26798400	1.1	3.0	"None
None
None
None
-0.64"
1375	雪国まいたけ	消費者防衛	包装食品	19659400	0.7	1.4	"None
None
None
None
-0.81"
4057	インターファクトリー	通信サービス	インターネットコンテンツ・情報	27993900	0.3	6.2	"-0.97
-0.96
None
None
-0.96"
4056	ニューラルポケット	技術	情報技術サービス	44057900	0.4	3.7	"-0.98
None
None
None
-0.98"
4055	ティアンドエス	技術	情報技術サービス	113346000	1.0	3.9	"-0.74
None
None
None
-0.72"
4883	モダリス	ヘルスケア	Drug Manufacturers—Specialty & Generic	137649000	0.1	2.9	"None
None
None
None
-0.78"
4053	Sun Asterisk	技術	情報技術サービス	174981100	0.4	2.8	"None
None
None
None
0.1"
4054	日本情報クリエイト	技術	Software—Application	79427800	1.2	3.5	"0.18
None
None
None
0.18"
7353	KIYOラーニング	消費者防衛	教育・訓練サービス	45834900	0.4	4.4	"0.18
None
None
None
0.33"
4051	GMOフィナンシャルゲート	技術	Software—Infrastructure	40131200	2.8	7.0	"0.23
0.25
1.32
None
1.32"
4495	アイキューブドシステムズ	技術	Software—Application	8096800	0.3	2.2	"None
None
None
None
-0.84"
4499	Speee	通信サービス	広告代理店	18376200	1.6	2.4	"None
None
None
None
0.73"
7352	BrandingEngineer	産業	専門ビジネスサービス	79133600	7.0	16.4	"-0.46
2.35
2.72
3.08
3.32"
7351	グッドパッチ	技術	Software—Infrastructure	38051300	0.2	2.2	"None
None
None
None
0.22"
6599	エブレン	技術	コンピュータハードウェア	9713900	0.7	2.3	"None
None
None
None
-0.51"
4496	コマースOneホールディングス	技術	Software—Infrastructure	26231400	0.4	2.4	"None
None
None
None
0.24"
4052	フィーチャ	技術	Software—Application	23746000	0.5	3.9	"-0.93
None
None
None
-0.92"
4497	ロコガイド			-1			
7689	コパ・コーポレーション	通信サービス	広告代理店	17579200	0.2	3.4	"-0.84
None
None
None
-0.82"
2984	ヤマイチエステート	不動産	Real Estate—Development	2451700	1.0	1.4	"None
None
None
None
1.25"
6598	スマート・ソリューション・テクノロジー			-1			
2983	アールプランナー	不動産	Real Estate—Development	23805200	2.4	5.1	"0.45
0.52
None
None
0.56"
4498	サイバートラスト	技術	情報技術サービス	42566800	2.0	4.7	"-0.78
None
None
None
-0.77"
7096	ステムセル研究所	ヘルスケア	バイオテクノロジー	50113800	1.4	3.0	"None
None
None
None
-0.6"
4932	アルマード	消費者防衛	家庭用品・個人用品	110290600	2.4	3.9	"0.34
None
None
None
0.62"
7317	松屋アールアンドディ	産業	特殊産業機械	296280000	7.3	9.5	"0.04
0.56
0.62
None
0.64"
7095	Macbee Planet	通信サービス	広告代理店	91713200	6.4	13.5	"0.23
1.19
1.56
2.96
3.26"
7094	NexTone	産業	専門ビジネスサービス	95199300	2.2	7.5	"0.05
0.4
1.64
None
1.65"
1444	ニッソウ	消費者循環	住宅建設	383300	1.4	1.5	"None
None
None
None
1.49"
4493	サイバーセキュリティクラウド	技術	Software—Infrastructure	88717600	0.8	4.0	"0.05
None
None
None
0.06"
4432	ウイングアーク1st	技術	Software—Application	32556700	2.9	3.0	"2.66
None
None
None
2.66"
7093	アディッシュ	技術	情報技術サービス	11366400	0.4	3.1	"0.16
None
None
None
0.16"
5071	ヴィス	産業	専門ビジネスサービス	3778300	2.7	2.8	"None
None
None
None
4.39"
4882	ペルセウスプロテオミクス	ヘルスケア	Drug Manufacturers—General	19586900	2.3	2.9	"None
None
None
None
-0.6"
5690	リバーホールディングス			-1			
5368	日本インシュレーション	産業	特殊産業機械	4027100	1.4	2.0	"None
None
None
None
1.06"
9326	関通	産業	統合貨物・物流	160455300	0.9	4.0	"0.07
None
None
None
1.33"
4492	ゼネテック	技術	Software—Application	22398600	3.0	6.0	"3.16
3.87
None
None
3.95"
5070	ドラフト	産業	工学・建設	6964200	1.4	3.6	"0.69
None
None
None
0.69"
7091	リビングプラットフォーム	ヘルスケア	医療施設	1771800	1.8	5.9	"1.41
1.54
None
None
1.59"
7688	ミアヘルサ			-1			
7687	ミクリード	消費者防衛	食品流通	89608200	3.3	4.9	"0.04
None
None
None
3.45"
7090	リグア	ヘルスケア	医療施設	1625700	1.3	7.1	"0.32
0.44
0.6
None
0.6"
6231	木村工機	産業	Electrical Equipment & Parts	6478400	3.0	4.1	"4.07
None
None
None
4.2"
7089	フォースタートアップス	産業	人材派遣・雇用サービス	4115200	0.9	4.9	"0.63
None
None
None
0.88"
4491	コンピューターマネージメント	技術	Software—Application	9336600	1.4	1.6	"None
None
None
None
1.67"
4490	ビザスク	産業	コンサルティングサービス	31435200	1.3	7.4	"0.32
0.55
1.48
None
1.62"
7088	フォーラムエンジニアリング	産業	人材派遣・雇用サービス	39253600	4.0	4.3	"3.64
None
None
None
4.31"
7087	ウイルテック	技術	半導体	5381300	1.6	3.3	"1.24
None
None
None
1.29"
7086	きずなホールディングス	消費者循環	個人サービス	10144800	3.7	3.8	"2.54
None
None
None
3.65"
7084	Kids SmileHoldings	消費者防衛	教育・訓練サービス	15753000	0.6	2.4	"None
None
None
None
-0.08"
7085	カーブスホールディングス	消費者循環	レジャー	85898800	1.8	2.4	"None
None
None
None
1.02"
7083	AHCグループ	ヘルスケア	医療施設	4388800	1.1	4.8	"-0.1
None
None
None
4.24"
9287	ジャパン・インフラファンド投資法人	公共事業	Utilities—Renewable	33898	0.7	1.1	"None
None
None
None
0.68"
7082	ジモティー	通信サービス	インターネットコンテンツ・情報	25383600	1.2	5.3	"0.41
1.65
None
None
1.65"
7081	コーユーレンティア	産業	レンタルおよびリースサービス	8203900	3.5	3.9	"-0.15
None
None
None
4.23"
4265	Institution for aGlobal Society	産業	人材派遣・雇用サービス	8420500	0.7	4.0	"-1.0
None
None
None
-1.0"
4264	セキュア	産業	セキュリティおよび保護サービス	28811600	3.2	6.4	"-1.0
0.45
None
None
0.48"
4261	アジアクエスト	技術	情報技術サービス	30444100	1.1	3.6	"-0.99
None
None
None
-0.99"
2993	長栄	不動産	不動産サービス	1581800	1.3	1.5	"None
None
None
None
2.16"
9258	CS-C	通信サービス	広告代理店	28882000	0.7	3.4	"-0.2
None
None
None
-0.19"
4263	サスメド	ヘルスケア	健康情報サービス	23645800	0.8	3.0	"-0.45
None
None
None
-0.45"
9211	エフ・コード	通信サービス	広告代理店	127762400	2.1	4.7	"-0.19
None
None
None
2.08"
9259	タカヨシ	消費者防衛	食料品店	3011200	0.4	1.6	"None
None
None
None
-0.83"
4262	ニフティライフスタイル	不動産	不動産サービス	3576900	1.1	2.0	"None
None
None
None
-1.0"
9212	Green EarthInstitute	基礎材料	特殊化学品	176375600	1.2	4.6	"-1.0
None
None
None
-0.99"
4259	エクサウィザーズ	技術	Software—Application	55659800	1.0	2.7	"None
None
None
None
-0.63"
9255	ZEALS			-1			
4125	三和油化工業	産業	廃棄物管理	6693500	0.7	2.3	"None
None
None
None
0.51"
4260	ハイブリッドテクノロジーズ	技術	情報技術サービス	40050300	1.0	3.2	"0.75
None
None
None
0.75"
7134	クルーバー	消費者循環	自動車・トラック販売	3194700	2.8	3.5	"2.24
None
None
None
2.3"
4258	網屋	技術	情報技術サービス	14061200	3.2	3.9	"2.39
None
None
None
2.59"
9256	サクシード	消費者防衛	教育・訓練サービス	2987100	0.8	1.7	"None
None
None
None
1.21"
9522	リニューアブル・ジャパン	公共事業	Utilities—Renewable	10836100	2.6	4.3	"-1.0
None
None
None
-1.0"
4419	Finatextホールディングス	技術	Software—Infrastructure	18589400	3.0	3.3	"-0.53
None
None
None
2.21"
4255	THECOO	技術	Software—Application	1942800	0.7	6.0	"-1.0
-1.0
None
None
-1.0"
4256	サインド	技術	Software—Application	2526000	1.2	3.4	"-1.0
None
None
None
-1.0"
9254	ラバブルマーケティンググループ	通信サービス	広告代理店	5199700	1.2	3.4	"-0.18
None
None
None
-0.18"
2585	ライフドリンクカンパニー	消費者防衛	Beverages—Non-Alcoholic	11724800	9.6	9.6	"1.18
1.96
2.5
None
2.82"
6524	湖北工業	技術	電子部品	205608300	2.2	2.2	"None
None
None
None
2.76"
グローバル	YCPホールディングス（グローバル）リミテッド			-1			
4417	グローバルセキュリティエキスパート	技術	Software—Infrastructure	15568200	4.8	6.7	"0.55
1.02
None
None
1.39"
4418	JDSC	技術	情報技術サービス	54209000	1.7	5.2	"-0.54
-0.53
None
None
-0.53"
7133	HYUGAPRIMARY CARE	ヘルスケア	医療施設	46445800	0.7	2.3	"None
None
None
None
0.52"
4416	True Data	技術	Software—Application	5722700	0.9	3.8	"-0.8
None
None
None
-0.8"
4415	ブロードエンタープライズ	通信サービス	電気通信サービス	10884800	2.2	3.0	"-0.44
None
None
None
-0.44"
7383	ネットプロテクションズホールディングス	金融サービス	信用サービス	161169900	1.2	4.5	"-0.83
None
None
None
-0.79"
4414	フレクト	技術	Software—Infrastructure	43454200	1.7	4.2	"-0.21
None
None
None
-0.2"
7131	のむら産業	消費者循環	包装および容器	3709700	1.9	2.6	"None
None
None
None
1.62"
4413	ボードルア	技術	情報技術サービス	35185400	5.9	6.8	"1.29
2.48
None
None
2.67"
9253	スローガン	産業	人材派遣・雇用サービス	9760500	0.7	2.4	"None
None
None
None
-0.59"
9252	ラストワンマイル	産業	専門ビジネスサービス	9230700	3.7	7.8	"-0.45
0.95
1.12
None
1.12"
4412	サイエンスアーツ	技術	Software—Application	116318800	0.6	8.0	"-0.57
-0.54
-0.54
None
-0.54"
9251	AB&Company	消費者循環	個人サービス	12488600	1.2	2.2	"None
None
None
None
-0.51"
9250	GRCS	技術	情報技術サービス	41146000	0.6	4.7	"-0.27
None
None
None
-0.25"
2961	日本調理機	産業	特殊産業機械	907400	1.3	1.8	"None
None
None
None
2.36"
4379	Photosynth	技術	Software—Application	21947800	1.3	4.7	"-0.52
None
None
None
-0.48"
4250	フロンティア			-1			
4378	CINC	技術	Software—Infrastructure	15333100	0.6	3.4	"-0.68
None
None
None
-0.67"
6523	PHCホールディングス	ヘルスケア	Medical Devices	40700000	0.8	2.4	"None
None
None
None
-0.65"
9249	日本エコシステム	通信サービス	娯楽	2930700	2.7	3.1	"1.99
None
None
None
2.67"
4377	ワンキャリア	産業	人材派遣・雇用サービス	14681300	2.5	2.6	"None
None
None
None
2.81"
6522	アスタリスク	技術	通信機器	198712900	0.4	5.0	"-0.89
-0.87
None
None
-0.87"
4375	セーフィー	技術	Software—Application	41262300	1.7	7.7	"-0.72
-0.72
-0.71
None
-0.7"
9246	プロジェクトカンパニー	産業	コンサルティングサービス	46522000	0.4	3.4	"0.52
None
None
None
0.74"
9245	リベロ	通信サービス	インターネットコンテンツ・情報	26951400	1.3	3.2	"-0.86
None
None
None
-0.85"
4374	ROBOT PAYMENT	技術	Software—Infrastructure	18245100	1.8	3.4	"-0.3
None
None
None
-0.3"
9244	デジタリフト	通信サービス	広告代理店	17297200	0.7	2.2	"None
None
None
None
-0.9"
4073	ジィ・シィ企画	技術	Software—Infrastructure	10093600	1.0	5.6	"-0.41
-0.41
None
None
-0.41"
4889	レナサイエンス	ヘルスケア	Medical Devices	123297700	0.9	3.2	"-0.67
None
None
None
-0.67"
4373	シンプレクス・ホールディングス	産業	コンサルティングサービス	90266100	1.7	2.2	"None
None
None
None
-0.27"
4371	コアコンセプト・テクノロジー	技術	情報技術サービス	35118800	1.0	4.1	"0.75
None
None
None
0.82"
4372	ユミルリンク	技術	Software—Application	24597400	1.3	1.6	"None
None
None
None
0.21"
4018	GeolocationTechnology			-1			
9242	メディア総研	産業	人材派遣・雇用サービス	7754400	1.3	4.1	"-0.44
None
None
None
-0.43"
4370	モビルス	技術	Software—Application	64561300	0.5	3.4	"-0.48
None
None
None
-0.46"
2934	ジェイフロンティア	ヘルスケア	Pharmaceutical Retailers	20416500	1.4	3.5	"1.53
None
None
None
1.67"
7126	タンゴヤ	消費者循環	衣料品製造	7149000	1.9	2.9	"None
None
None
None
1.84"
4076	シイエヌエス	技術	情報技術サービス	11260800	1.0	1.7	"None
None
None
None
-0.51"
9241	フューチャーリンクネットワーク	通信サービス	広告代理店	5412800	1.3	3.4	"-0.94
None
None
None
-0.94"
6227	AIメカテック	技術	電子部品	16864000	2.1	6.1	"1.59
1.73
None
None
1.74"
9240	デリバリーコンサルティング	技術	情報技術サービス	21886100	0.7	2.3	"None
None
None
None
-0.18"
4075	ブレインズテクノロジー	技術	Software—Application	27325300	0.7	3.3	"-0.98
None
None
None
-0.98"
7379	サーキュレーション	産業	コンサルティングサービス	46560300	0.3	2.8	"None
None
None
None
-0.59"
2991	ランドネット	不動産	不動産サービス	30300000	2.9	2.9	"None
None
None
None
3.25"
7378	アシロ	消費者循環	個人サービス	44302700	1.9	2.4	"None
None
None
None
-0.6"
4074	ラキール	技術	Software—Application	62937000	0.5	2.1	"None
None
None
None
-0.92"
7792	コラントッテ	ヘルスケア	Medical Devices	91530100	1.9	3.4	"-0.56
None
None
None
-0.54"
7376	BCC	産業	専門ビジネスサービス	10287900	2.1	5.4	"-0.86
-0.86
None
None
-0.86"
4071	プラスアルファ・コンサルティング	技術	Software—Application	34693100	0.9	2.2	"None
None
None
None
-0.48"
4937	Waqoo	消費者循環	インターネット小売	7019700	2.9	6.2	"-0.66
1.34
None
None
1.34"
4069	BlueMeme	技術	Software—Application	14978000	0.8	2.9	"None
None
None
None
-0.56"
4070	リヴァンプ			-1			
7699	オムニ・プラス・システム・リミテッド	産業	Industrial Distribution	11190600	1.4	3.1	"-0.69
None
None
None
-0.69"
7374	コンフィデンス	産業	人材派遣・雇用サービス	25502800	1.1	2.8	"None
None
None
None
-0.96"
5759	日本電解	産業	Electrical Equipment & Parts	136198400	0.3	2.9	"None
None
None
None
0.53"
7096	ステムセル研究所	ヘルスケア	バイオテクノロジー	50113800	1.4	3.0	"None
None
None
None
-0.6"
4200	HCSホールディングス			-1			
4932	アルマード	消費者防衛	家庭用品・個人用品	110290600	2.4	3.9	"0.34
None
None
None
0.62"
4068	ベイシス	技術	情報技術サービス	34755800	0.5	4.5	"-0.66
None
None
None
-0.65"
7318	セレンディップ・ホールディングス	産業	専門ビジネスサービス	11829700	2.2	3.4	"1.67
None
None
None
1.71"
7345	アイ・パートナーズフィナンシャル	金融サービス	資産運用	14080400	1.2	4.5	"-0.67
None
None
None
-0.67"
7373	アイドマ・ホールディングス	産業	専門ビジネスサービス	93556000	1.0	3.5	"0.37
None
None
None
0.39"
7791	ドリームベッド	消費者循環	家具、備品、家電	2977800	1.1	1.9	"None
None
None
None
-0.88"
7372	デコルテ・ホールディングス	消費者循環	個人サービス	34418700	0.4	2.1	"None
None
None
None
-0.45"
2989	東海道リート投資法人	不動産	REIT—Diversified	215914	1.0	1.3	"None
None
None
None
2.18"
4882	ペルセウスプロテオミクス	ヘルスケア	Drug Manufacturers—General	19586900	2.3	2.9	"None
None
None
None
-0.6"
4489	ペイロール			-1			
7370	Enjin	通信サービス	広告代理店	172789500	0.4	2.6	"None
None
None
None
-0.36"
7371	全研本社	産業	専門ビジネスサービス	29052600	0.7	2.0	"None
None
None
None
-0.94"
4198	テンダ	技術	情報技術サービス	17289900	1.8	4.0	"-0.75
None
None
None
-0.75"
4199	ワンダープラネット	技術	Software—Application	24746100	0.8	5.0	"-0.74
None
None
None
-0.73"
7369	メイホーホールディングス	産業	専門ビジネスサービス	9492700	1.9	3.6	"-0.78
None
None
None
1.37"
5074	テスホールディングス	公共事業	Utilities—Renewable	72736500	0.2	2.4	"None
None
None
None
-0.26"
4195	ディマージシェア			-1			
4196	ネオマーケティング	通信サービス	広告代理店	11106000	1.0	3.8	"-0.84
None
None
None
-0.84"
4888	ステラファーマ	ヘルスケア	バイオテクノロジー	167751200	1.3	2.8	"None
None
None
None
0.38"
4194	ビジョナル	通信サービス	インターネットコンテンツ・情報	17272800	1.5	2.1	"None
None
None
None
1.19"
4498	サイバートラスト	技術	情報技術サービス	42566800	2.0	4.7	"-0.78
None
None
None
-0.77"
2933	紀文食品	消費者防衛	包装食品	101042200	1.2	2.4	"None
None
None
None
-0.78"
7698	アイスコ	消費者防衛	食品流通	11323200	2.4	2.7	"None
None
None
None
2.65"
4193	ファブリカコミュニケーションズ	技術	Software—Application	33446800	1.3	2.7	"None
None
None
None
-0.53"
7368	表示灯	通信サービス	広告代理店	27555800	1.2	2.7	"None
None
None
None
-0.93"
7367	セルム	産業	人材派遣・雇用サービス	54419200	2.0	3.9	"1.35
None
None
None
1.39"
6521	オキサイド	技術	電子部品	98300000	0.7	2.5	"None
None
None
None
-0.65"
4180	Appier Group	技術	Software—Infrastructure	127328000	2.0	3.2	"-0.95
None
None
None
-0.95"
4192	スパイダープラス	技術	Software—Application	82978600	0.6	3.9	"-0.94
None
None
None
-0.82"
7343	ブロードマインド	金融サービス	Insurance—Diversified	68086000	2.1	3.3	"2.26
None
None
None
2.43"
9327	イー・ロジット	産業	統合貨物・物流	22506800	0.4	3.3	"-0.81
None
None
None
-0.51"
4179	ジーネクスト	技術	Software—Application	2817200	1.0	7.9	"-0.96
-0.96
-0.96
None
-0.96"
7363	ベビーカレンダー	ヘルスケア	医療施設	21895900	0.7	7.5	"-0.92
-0.92
-0.89
None
-0.89"
4178	Sharing Innovations	技術	Software—Infrastructure	9539600	0.4	2.4	"None
None
None
None
-0.92"
6614	シキノハイテック	技術	半導体	105506700	1.0	3.8	"0.24
None
None
None
0.25"
4176	ココナラ	通信サービス	インターネットコンテンツ・情報	103462400	0.6	4.5	"-0.94
None
None
None
-0.93"
7362	T.S.I	ヘルスケア	医療施設	2887900	0.7	2.5	"None
None
None
None
-0.42"
4177	i-plug	産業	人材派遣・雇用サービス	9566900	0.5	3.3	"-0.65
None
None
None
-0.62"
4432	ウイングアーク1st	技術	Software—Application	32556700	2.9	3.0	"2.66
None
None
None
2.66"
7361	ヒューマンクリエイションホールディングス	産業	人材派遣・雇用サービス	16519100	1.2	2.6	"None
None
None
None
-0.53"
4175	coly[コリー]	通信サービス	電子ゲーム・マルチメディア	37144800	0.8	5.5	"-0.99
-0.99
None
None
-0.99"
4885	室町ケミカル	基礎材料	化学製品	107031100	1.0	2.4	"None
None
None
None
-0.98"
4174	アピリッツ	技術	Software—Application	26877900	1.4	5.0	"-0.79
-0.79
None
None
-0.79"
4173	WACUL[ワカル]	技術	Software—Application	14966400	0.4	5.8	"-1.0
-1.0
None
None
-1.0"
4936	アクシージア	消費者防衛	家庭用品・個人用品	77742800	0.7	2.9	"None
None
None
None
-0.94"
2983	アールプランナー	不動産	Real Estate—Development	23805200	2.4	5.1	"0.45
0.52
None
None
0.56"
6613	QDレーザ	技術	半導体	535158700	0.5	3.1	"-0.95
None
None
None
-0.95"
9342	スマサポ	不動産	不動産サービス	19203600	0.9	2.6	"None
None
None
None
-0.94"
5246	ELEMENTS	技術	Software—Application	516554600	1.6	6.5	"-0.9
0.52
None
None
0.56"
5247	BTM	技術	情報技術サービス	37698600	0.8	4.2	"0.19
None
None
None
0.19"
7115	アルファパーチェス	産業	特殊産業機械	14607100	1.7	2.1	"None
None
None
None
0.42"
7116	ダイワ通信	産業	セキュリティおよび保護サービス	31499700	1.0	1.9	"None
None
None
None
0.1"
5075	アップコン			-1			
9340	アソインターナショナル	ヘルスケア	医療機器・用品	7421200	1.8	2.6	"None
None
None
None
0.81"
9341	GENOVA	ヘルスケア	Medical Devices	38156000	1.3	2.0	"None
None
None
None
0.34"
5836	エージェント・インシュアランス・グループ			-1			
5244	jig.jp	技術	Software—Application	50343500	1.0	2.0	"None
None
None
None
0.31"
9339	コーチ・エィ	消費者防衛	教育・訓練サービス	3704400	1.3	1.9	"None
None
None
None
-0.43"
2937	サンクゼール	消費者防衛	包装食品	45796800	0.8	1.9	"None
None
None
None
-0.31"
5242	アイズ	技術	Software—Application	7439900	1.0	2.9	"None
None
None
None
-0.41"
5243	note	技術	Software—Application	190362100	1.1	2.1	"None
None
None
None
0.22"
5240	monoAItechnology	技術	Software—Infrastructure	275982100	1.0	5.2	"-1.0
-0.79
None
None
-0.79"
9338	INFORICH	産業	専門ビジネスサービス	3789500	4.5	4.9	"0.29
None
None
None
0.88"
9337	トリドリ	技術	Software—Application	6086300	1.2	2.1	"None
None
None
None
1.12"
7114	フーディソン	消費者防衛	食品流通	6651500	0.8	2.4	"None
None
None
None
-0.81"
5139	オープンワーク	技術	Software—Application	42084000	0.9	2.4	"None
None
None
None
-0.59"
5138	Rebase	通信サービス	インターネットコンテンツ・情報	10005400	1.6	2.2	"None
None
None
None
-0.99"
5027	AnyMind Group	技術	Software—Application	18971100	1.9	2.5	"None
None
None
None
-0.34"
5137	スマートドライブ	技術	Software—Infrastructure	65652900	1.6	3.2	"0.52
None
None
None
0.52"
9204	スカイマーク	産業	Airports & Air Services	476600	1.5	4.5	"3.99
None
None
None
4.1"
9336	大栄環境	産業	廃棄物管理	104580700	1.9	2.0	"None
None
None
None
1.76"
5527	propertytechnologies	不動産	不動産サービス	14675100	1.1	3.8	"-0.88
None
None
None
-0.87"
4892	サイフューズ	ヘルスケア	Drug Manufacturers—Specialty & Generic	63166100	0.7	3.2	"-0.9
None
None
None
-0.9"
9565	ウェルプレイド・ライゼスト	通信サービス	電子ゲーム・マルチメディア	25301200	1.1	6.8	"-1.0
-1.0
None
None
-1.0"
5136	tripla	技術	Software—Application	33033300	1.2	3.0	"None
None
None
None
-0.63"
4891	ティムス	ヘルスケア	バイオテクノロジー	112991300	1.0	5.1	"-0.52
-0.49
None
None
-0.49"
2936	ベースフード	消費者防衛	包装食品	47263300	1.3	2.5	"None
None
None
None
0.73"
5134	POPER	技術	Software—Application	25439400	1.0	2.0	"None
None
None
None
-0.93"
5132	pluszero	技術	Software—Infrastructure	126814200	2.3	3.0	"None
None
None
None
0.16"
9564	FCE Holdings	産業	コングロマリット	13713900	1.9	2.1	"None
None
None
None
1.83"
5131	リンカーズ	産業	専門ビジネスサービス	75093100	0.6	2.3	"None
None
None
None
-0.95"
9563	AtlasTechnologies	技術	情報技術サービス	58308800	0.7	5.7	"-1.0
-1.0
None
None
-0.98"
9562	ビジネスコーチ	消費者防衛	教育・訓練サービス	4442000	1.0	3.0	"-0.99
None
None
None
-0.99"
5834	SBIリーシングサービス	産業	レンタルおよびリースサービス	26889500	1.3	2.0	"None
None
None
None
0.86"
6526	ソシオネクスト	産業	Electrical Equipment & Parts	556852500	2.9	6.6	"0.6
0.67
None
None
0.69"
7112	キューブ	消費者循環	衣料品製造	8545500	0.8	3.2	"-0.95
None
None
None
-0.95"
5129	FIXER	技術	Software—Infrastructure	65109300	0.7	2.1	"None
None
None
None
0.21"
5127	グッピーズ			-1			
9560	プログリット	消費者防衛	教育・訓練サービス	72137700	5.0	11.1	"0.31
0.39
0.45
0.48
0.48"
5126	ポーターズ	技術	Software—Infrastructure	3865900	1.2	1.8	"None
None
None
None
-0.22"
9561	グラッドキューブ	技術	Software—Application	65003200	2.1	2.9	"None
None
None
None
-0.87"
5125	ファインズ	通信サービス	娯楽	19087200	0.7	3.3	"-0.89
None
None
None
-0.89"
5039	キットアライブ			-1			
7388	FPパートナー	金融サービス	Insurance Brokers	47127600	2.2	5.5	"0.69
1.4
None
None
1.45"
5038	eWeLL	ヘルスケア	健康情報サービス	48796800	1.2	1.8	"None
None
None
None
0.73"
9558	ジャパニアス	技術	Software—Infrastructure	44455600	1.7	3.1	"1.32
None
None
None
1.34"
7110	クラシコム	消費者循環	インターネット小売	39390500	1.1	1.8	"None
None
None
None
-0.14"
5036	日本ビジネスシステムズ	技術	Software—Infrastructure	90098800	0.9	2.0	"None
None
None
None
0.21"
9557	エアークローゼット	消費者循環	インターネット小売	26442300	1.1	2.9	"None
None
None
None
-0.83"
5034	unerry	通信サービス	インターネットコンテンツ・情報	19016200	1.5	3.7	"0.53
None
None
None
0.79"
5035	HOUSEI	技術	Software—Application	166032000	0.7	2.6	"None
None
None
None
0.03"
9556	INTLOOP	産業	コンサルティングサービス	8291400	2.4	3.3	"0.58
None
None
None
0.77"
9554	AViC	通信サービス	広告代理店	6878500	1.3	1.7	"None
None
None
None
-0.3"
9553	マイクロアド	技術	Software—Application	44565300	0.8	8.1	"0.38
0.58
0.64
None
0.72"
5033	ヌーラボ	技術	Software—Application	8824300	1.4	3.5	"1.41
None
None
None
1.41"
9552	M&A総合研究所	金融サービス	資本市場	203300100	3.3	11.4	"0.25
0.57
0.95
1.62
1.68"
9229	サンウェルズ	ヘルスケア	医療施設	89200200	1.0	4.2	"0.35
None
None
None
0.96"
7794	イーディーピー	消費者循環	高級品	193810000	0.4	3.7	"0.37
None
None
None
0.6"
9227	マイクロ波化学	基礎材料	化学製品	123592500	1.1	4.4	"0.4
None
None
None
0.41"
4890	坪田ラボ	ヘルスケア	Medical Devices	222333700	0.7	2.3	"None
None
None
None
-0.48"
9228	ウェルネス・コミュニケーションズ			-1			
2999	ホームポジション	消費者循環	住宅建設	12387600	0.8	1.4	"None
None
None
None
0.17"
7386	ジャパンワランティサポート	産業	専門ビジネスサービス	1774500	2.3	4.7	"0.63
None
None
None
1.87"
2984	ヤマイチ・ユニハイムエステート	不動産	Real Estate—Development	2451700	1.0	1.4	"None
None
None
None
1.25"
5032	ANYCOLOR	通信サービス	娯楽	111347400	1.1	3.2	"-0.44
None
None
None
-0.39"
5026	トリプルアイズ	技術	情報技術サービス	49954800	2.2	3.7	"-0.88
None
None
None
-0.88"
2998	クリアル	金融サービス	資産運用	55515900	3.8	8.9	"0.65
0.94
0.96
None
1.03"
7140	ペットゴー	ヘルスケア	医療施設	13990300	1.1	2.5	"None
None
None
None
0.86"
2997	ストレージ王	不動産	不動産サービス	14239200	1.9	2.3	"None
None
None
None
1.53"
5031	モイ	技術	Software—Application	235560500	0.8	3.9	"-0.88
None
None
None
-0.88"
5030	インフォメティス			-1			
9221	フルハシEPO	産業	廃棄物管理	55866600	1.4	1.9	"None
None
None
None
1.86"
9223	ASNOVA	産業	レンタルおよびリースサービス	1972800	1.1	1.2	"None
None
None
None
-0.16"
5029	サークレイス	技術	Software—Application	73007700	0.9	4.1	"-0.92
None
None
None
-0.92"
9220	エフビー介護サービス	ヘルスケア	医療施設	11486000	0.8	1.6	"None
None
None
None
-0.23"
5028	セカンドサイトアナリティカ	技術	Software—Infrastructure	156432900	0.7	3.4	"-0.9
None
None
None
-0.9"
5079	ノバック	産業	工学・建設	1402100	1.3	1.9	"None
None
None
None
1.86"
9219	ギックス	技術	情報技術サービス	96251000	1.4	4.8	"0.74
None
None
None
1.07"
9218	メンタルヘルステクノロジーズ	ヘルスケア	医療施設	21870700	1.1	2.8	"None
None
None
None
0.33"
7163	住信SBIネット銀行	金融サービス	Banks—Regional	277067900	2.4	2.8	"None
None
None
None
1.43"
7138	TORICO	通信サービス	インターネットコンテンツ・情報	1563300	1.0	2.4	"None
None
None
None
-0.33"
9217	RepertoireGenesis			-1			
6226	守谷輸送機工業	産業	工学・建設	29266900	5.3	5.3	"1.67
2.08
None
None
2.11"
5078	セレコーポレーション	不動産	不動産サービス	936500	2.4	2.6	"None
None
None
None
2.21"
2996	シノケンリート投資法人			-1			
7793	イメージ・マジック	産業	専門ビジネスサービス	5845100	2.1	3.4	"-0.82
None
None
None
-0.79"
9216	ビーウィズ	産業	専門ビジネスサービス	9657400	1.5	2.5	"None
None
None
None
0.6"
5025	マーキュリーリアルテックイノベーター	技術	Software—Application	23044100	1.0	2.6	"None
None
None
None
-0.66"
4270	BeeX	技術	Software—Infrastructure	26695300	2.0	3.7	"-0.32
None
None
None
-0.31"
9215	CaSy	技術	Software—Application	10126300	1.4	2.1	"None
None
None
None
-0.92"
4269	ノーザ			-1			
4268	エッジテクノロジー	技術	Software—Infrastructure	281052200	1.9	3.9	"0.1
None
None
None
0.1"
4267	ライトワークス	消費者防衛	教育・訓練サービス	48173000	1.4	2.9	"None
None
None
None
-0.36"
4266	ビッグツリーテクノロジー＆コンサルティング			-1			
9213	セイファート	産業	コングロマリット	39937500	1.4	2.5	"None
None
None
None
1.48"
9214	RecoveryInternational	ヘルスケア	医療施設	7774500	0.9	2.2	"None
None
None
None
1.38"
5892	yutori	Unknown	Unknown	40121400	2.6	4.1	"0.13
None
None
None
0.19"
5870	ナルネットコミュニケーションズ	Unknown	Unknown	44020100	1.0	2.2	"None
None
None
None
-0.71"
5869	早稲田学習研究会	Unknown	Unknown	14561200	1.0	1.2	"None
None
None
None
-0.74"
5621	ヒューマンテクノロジーズ	技術	Software—Infrastructure	10587100	1.8	2.4	"None
None
None
None
-0.45"
5619	マーソ	Unknown	Unknown	3150200	1.0	2.4	"None
None
None
None
-0.85"
5618	ナイル	Unknown	Unknown	5025000	1.0	3.9	"-0.92
None
None
None
-0.92"
5868	ロココ	技術	情報技術サービス	22036500	1.2	1.9	"None
None
None
None
-0.62"
5867	エスネットワークス	産業	コンサルティングサービス	5535700	1.3	2.7	"None
None
None
None
-0.63"
5616	雨風太陽	Unknown	Unknown	43781700	1.6	3.9	"-0.62
None
None
None
-0.61"
5891	魁力屋	Unknown	Unknown	24329200	1.1	2.0	"None
None
None
None
0.26"
5599	S&J	Unknown	Unknown	6373600	1.1	1.7	"None
None
None
None
-0.64"
5597	ブルーイノベーション	Unknown	Unknown	14740200	1.1	2.7	"None
None
None
None
-0.9"
5596	アウトルックコンサルティング	Unknown	Unknown	4844700	1.5	1.7	"None
None
None
None
-0.36"
5595	QPS研究所	Unknown	Unknown	897838900	2.2	7.2	"0.13
0.16
0.26
None
0.26"
4197	アスマーク	産業	専門ビジネスサービス	100	2.5	3.2	"2.05
None
None
None
2.05"
9238	バリュークリエーション	Unknown	Unknown	10075800	1.1	1.6	"None
None
None
None
-0.18"
5889	Japan EyewearHoldings	ヘルスケア	医療機器・用品	22924500	2.6	3.9	"0.62
None
None
None
0.78"
5888	DAIWA CYCLE	消費者循環	Recreational Vehicles	6096400	2.0	2.0	"None
None
None
None
0.84"
4811	ドリーム・アーツ	技術	Software—Infrastructure	10040300	1.9	2.4	"None
None
None
None
-0.52"
9237	笑美面	産業	コンサルティングサービス	5802700	1.5	2.4	"None
None
None
None
0.44"
5845	全保連	産業	専門ビジネスサービス	46375400	1.2	2.2	"None
None
None
None
0.28"
6525	KOKUSAIELECTRIC	技術	Semiconductor Equipment & Materials	277957900	1.0	2.5	"None
None
None
None
0.73"
9236	ジャパンM&Aソリューション	産業	コンサルティングサービス	14945400	1.1	5.1	"-0.8
-0.61
None
None
-0.61"
9235	売れるネット広告社	通信サービス	広告代理店	20447400	3.2	12.8	"0.13
0.14
0.16
0.18
0.18"
4896	ケイファーマ	ヘルスケア	バイオテクノロジー	9180900	1.3	1.7	"None
None
None
None
-0.16"
9170	成友興業			-1			
9333	Earth TechnologyGroup			-1			
9331	キャスター	産業	人材派遣・雇用サービス	12718000	1.2	2.9	"None
None
None
None
-0.83"
5592	くすりの窓口	ヘルスケア	健康情報サービス	37224400	1.3	2.0	"None
None
None
None
-0.69"
6223	西部技研	産業	特殊産業機械	39619800	1.4	2.6	"None
None
None
None
-0.84"
5843	ニッポンインシュア	金融サービス	Insurance—Diversified	13044900	1.8	1.8	"None
None
None
None
1.07"
5591	AVILEN	技術	Software—Infrastructure	11789900	1.1	4.0	"-0.42
None
None
None
-0.42"
2938	オカムラ食品工業	消費者防衛	農産物	18949800	2.3	2.5	"None
None
None
None
0.96"
5590	ネットスターズ	技術	Software—Infrastructure	6271400	1.4	2.5	"None
None
None
None
0.65"
5589	オートサーバー	消費者循環	自動車・トラック販売	4731400	1.2	1.4	"None
None
None
None
0.77"
6228	ジェイ・イー・ティ	技術	Semiconductor Equipment & Materials	30000	1.4	5.5	"2.68
3.03
None
None
3.03"
5588	ファーストアカウンティング	技術	Software—Infrastructure	75180000	2.5	3.0	"None
None
None
None
0.27"
3958	笹徳印刷	産業	専門ビジネスサービス	29138700	1.1	1.6	"None
None
None
None
-0.86"
9330	揚羽	通信サービス	広告代理店	17312500	1.1	3.2	"-0.87
None
None
None
-0.87"
5842	インテグラル	金融サービス	資産運用	9846800	2.4	3.2	"0.62
None
None
None
0.62"
4895	ChordiaTherapeutics			-1			
9168	ライズ・コンサルティング・グループ	産業	コンサルティングサービス	30030300	1.2	1.9	"None
None
None
None
-0.5"
5587	インバウンドプラットフォーム	産業	専門ビジネスサービス	17576300	1.2	3.8	"-0.94
None
None
None
-0.93"
6224	JRC	産業	特殊産業機械	13021300	1.5	1.8	"None
None
None
None
0.75"
5586	Laboro.AI	技術	Software—Infrastructure	146901100	1.4	3.6	"0.39
None
None
None
0.39"
9166	GENDA	消費者循環	レジャー	191776200	3.0	3.5	"0.85
None
None
None
1.04"
9165	クオルテック	産業	専門ビジネスサービス	5084900	0.9	1.7	"None
None
None
None
-0.38"
2962	テクニスコ	産業	金属製造	43948900	0.7	1.8	"None
None
None
None
-0.6"
5585	エコナビスタ	ヘルスケア	健康情報サービス	41941900	0.9	2.0	"None
None
None
None
-0.98"
5583	フラー			-1			
9164	トライト	産業	人材派遣・雇用サービス	63176600	0.9	2.4	"None
None
None
None
-0.92"
5839	ホロスホールディングス			-1			
9163	ナレルグループ	産業	工学・建設	12327000	1.1	1.8	"None
None
None
None
0.31"
5582	グリッド	技術	Software—Infrastructure	6721400	1.4	2.6	"None
None
None
None
-0.36"
9162	ブリーチ	通信サービス	広告代理店	33376700	0.8	5.2	"-0.87
-0.87
None
None
-0.87"
7409	AeroEdge	産業	Aerospace & Defense	16218600	0.7	2.6	"None
None
None
None
-0.93"
5884	クラダシ	消費者防衛	食品流通	54565200	1.4	3.5	"-0.92
None
None
None
-0.92"
9160	ノバレーゼ	消費者循環	個人サービス	18691200	1.3	2.1	"None
None
None
None
-0.84"
5885	ジーデップ・アドバンス	技術	コンピュータハードウェア	28431000	1.6	2.6	"None
None
None
None
-0.33"
9159	W TOKYO	通信サービス	広告代理店	9439000	1.0	3.3	"-0.34
None
None
None
-0.33"
4893	ノイルイミューン・バイオテック	ヘルスケア	バイオテクノロジー	25833500	1.3	5.8	"-0.92
-0.92
None
None
-0.92"
5580	プロディライト	技術	Software—Infrastructure	12139900	0.9	2.3	"None
None
None
None
-0.8"
4894	クオリプス	ヘルスケア	バイオテクノロジー	77560800	3.8	7.6	"0.78
0.96
1.23
None
1.25"
5533	エリッツホールディングス	不動産	不動産サービス	9540700	1.0	2.6	"None
None
None
None
-0.89"
5579	GSI			-1			
7075	QLSホールディングス			-1			
9225	ブリッジコンサルティンググループ	産業	専門ビジネスサービス	172500	0.7	3.9	"1.08
None
None
None
1.08"
5578	ARアドバンストテクノロジ	技術	情報技術サービス	23974100	0.7	2.4	"None
None
None
None
-0.81"
5532	リアルゲイト	不動産	不動産サービス	7615200	1.5	2.3	"None
None
None
None
-0.51"
5577	アイデミー	技術	Software—Infrastructure	36909400	0.7	3.3	"-0.82
None
None
None
-0.82"
5576	オービーシステム	技術	情報技術サービス	7666300	1.2	2.4	"None
None
None
None
-0.15"
9158	シーユーシー	ヘルスケア	医療施設	27977200	1.4	3.8	"-1.0
None
None
None
-1.0"
5575	Globee	技術	Software—Application	38671100	0.9	3.6	"-0.5
None
None
None
-0.5"
5574	ABEJA	技術	Software—Infrastructure	82743500	0.9	3.7	"-0.58
None
None
None
-0.58"
5572	Ridge-i	技術	Software—Infrastructure	15744000	1.6	3.2	"-0.66
None
None
None
-0.66"
9157	スタジアム			-1			
7330	レオス・キャピタルワークス			-1			
5838	楽天銀行	金融サービス	Banks—Regional	169088800	2.2	2.2	"None
None
None
None
1.55"
4040	南海化学	基礎材料	化学製品	11723700	0.9	2.8	"None
None
None
None
0.74"
5571	エキサイトホールディングス	技術	Software—Application	19890400	1.1	2.1	"None
None
None
None
-0.82"
5570	ジェノバ	通信サービス	インターネットコンテンツ・情報	22529000	0.8	3.0	"-0.53
None
None
None
-0.53"
5530	日本システムバンク			-1			
9348	ispace	技術	コンピュータハードウェア	345201800	0.8	3.0	"None
None
None
None
-0.96"
5882	トライアルホールディングス			-1			
9349	キタムラ・ホールディングス			-1			
5258	トランザクション・メディア・ネットワークス	技術	Software—Infrastructure	86737800	0.9	3.6	"-0.84
None
None
None
-0.75"
6225	エコム			-1			
5256	Fusic	技術	Software—Application	6410000	0.8	1.9	"None
None
None
None
-0.5"
9346	ココルポート	産業	人材派遣・雇用サービス	23990400	0.8	3.6	"-0.51
None
None
None
-0.48"
5257	ノバシステム	技術	Software—Application	18859300	1.1	1.8	"None
None
None
None
0.94"
9345	ビズメイツ	消費者防衛	教育・訓練サービス	11050400	1.3	4.1	"-0.88
None
None
None
-0.88"
7163	住信SBIネット銀行	金融サービス	Banks—Regional	277067900	2.4	2.8	"None
None
None
None
1.43"
5027	AnyMind Group	技術	Software—Application	18971100	1.9	2.5	"None
None
None
None
-0.34"
5255	モンスターラボホールディングス	技術	情報技術サービス	79745200	0.5	5.1	"-0.89
-0.78
None
None
-0.78"
9344	アクシスコンサルティング	産業	人材派遣・雇用サービス	24564400	1.0	4.3	"-0.95
None
None
None
-0.91"
5254	Arent	技術	Software—Application	101492900	3.5	5.1	"0.04
1.48
None
None
1.48"
5253	カバー	技術	Software—Application	540471600	1.9	2.4	"None
None
None
None
0.67"
9343	アイビス	技術	Software—Application	25221200	2.7	4.0	"0.54
None
None
None
0.95"
5252	日本ナレッジ	技術	Software—Application	3563200	0.8	2.6	"None
None
None
None
-0.53"
7119	ハルメクホールディングス	産業	コングロマリット	60673000	0.9	3.0	"None
None
None
None
-0.97"
7120	SHINKO	技術	情報技術サービス	43017800	1.1	1.5	"None
None
None
None
-0.17"
5250	プライム・ストラテジー	技術	Software—Infrastructure	20296000	0.8	3.3	"-0.48
None
None
None
-0.48"
5248	テクノロジーズ	技術	Software—Application	105733200	2.8	3.4	"0.69
None
None
None
0.9"
302A	ビースタイルホールディングス			-1			
303A	visumo			-1			
304A	フォルシア			-1			
298A	GVA TECH			-1			
297A	アルピコホールディングス			-1			
300A	MIC			-1			
5241	日本オーエー研究所	Unknown	Unknown	100	1.0	1.0	"None
None
None
None
0.0"
296A	令和アカウンティング・ホールディングス			-1			
299A	dely			-1			
290A	Synspective			-1			
285A	キオクシアホールディングス			-1			
291A	リスキル			-1			
289A	ファイントゥデイホールディングス			-1			
287A	黒田グループ			-1			
288A	ラクサス・テクノロジーズ			-1			
286A	ユカリア			-1			
281A	インフォメティス			-1			
280A	TMH			-1			
278A	Terra Drone			-1			
277A	グロービング			-1			
276A	ククレブ・アドバイザーズ			-1			
274A	ガーデン			-1			
269A	Sapeet	Unknown	Unknown	6921600	1.3	2.8	"None
None
None
None
0.02"
265A	Hmcomm	Unknown	Unknown	33231100	1.9	1.9	"None
None
None
None
0.05"
268A	リガク・ホールディングス	技術	Scientific & Technical Instruments	74064200	1.0	1.1	"None
None
None
None
-0.05"
9023	東京地下鉄	産業	コングロマリット	389147300	1.1	1.1	"None
None
None
None
-0.01"
264A	Schoo	Unknown	Unknown	45888100	1.6	1.6	"None
None
None
None
0.07"
7118	伸和ホールディングス	Unknown	Unknown	100	1.0	1.0	"None
None
None
None
0.0"
262A	インターメスティック	ヘルスケア	医療機器・用品	35575400	1.3	1.4	"None
None
None
None
0.06"
261A	日水コン	産業	工学・建設	3822700	1.0	1.1	"None
None
None
None
-0.02"
260A	オルツ	Unknown	Unknown	144871900	1.3	1.5	"None
None
None
None
-0.09"
259A	ケイ・ウノ			-1			
250A	シマダヤ	消費者防衛	包装食品	5099800	1.0	1.2	"None
None
None
None
-0.06"
247A	Aiロボティクス	Unknown	Unknown	12639200	1.1	1.2	"None
None
None
None
0.07"
246A	アスア	Unknown	Unknown	43805600	1.3	1.9	"None
None
None
None
-0.08"
248A	キッズスター	Unknown	Unknown	2199100	1.4	2.0	"None
None
None
None
-0.08"
245A	INGS	Unknown	Unknown	5300500	1.1	1.4	"None
None
None
None
-0.09"
244A	グロースエクスパートナーズ	技術	情報技術サービス	23758300	1.3	2.3	"None
None
None
None
0.09"
242A	リプライオリティ			-1			
241A	ROXX	Unknown	Unknown	7197100	1.3	1.8	"None
None
None
None
-0.13"
231A	Cross Eホールディングス			-1			
228A	オプロ	Unknown	Unknown	12347800	1.3	1.5	"None
None
None
None
-0.18"
220A	Faber Company	技術	Software—Application	18407600	1.3	1.7	"None
None
None
None
-0.02"
219A	Heartseed	Unknown	Unknown	56443200	1.3	1.8	"None
None
None
None
0.16"
218A	Liberaware	Unknown	Unknown	96179400	1.2	2.2	"None
None
None
None
0.16"
215A	タイミー	Unknown	Unknown	343137800	1.2	2.2	"None
None
None
None
-0.2"
212A	フィットイージー	Unknown	Unknown	40652100	2.3	2.4	"None
None
None
None
0.25"
211A	カドス・コーポレーション	Unknown	Unknown	3343400	1.6	1.8	"None
None
None
None
-0.05"
206A	PRISM BioLab	Unknown	Unknown	104840300	1.0	2.2	"None
None
None
None
-0.38"
205A	ロゴスホールディングス	消費者循環	住宅建設	5897900	1.2	1.7	"None
None
None
None
0.07"
202A	豆蔵デジタルホールディングス	技術	情報技術サービス	47255000	1.2	1.6	"None
None
None
None
-0.11"
196A	MFS	金融サービス	住宅ローン金融	39585300	1.3	1.7	"None
None
None
None
-0.24"
197A	タウンズ	Unknown	Unknown	70784500	1.4	1.6	"None
None
None
None
0.26"
194A	WOLVES HAND	ヘルスケア	医療施設	46819700	1.2	1.9	"None
None
None
None
-0.11"
198A	PostPrime	Unknown	Unknown	116556200	1.3	2.5	"None
None
None
None
0.03"
195A	ライスカレー	技術	Software—Infrastructure	10861000	1.0	1.9	"None
None
None
None
-0.42"
192A	インテグループ	Unknown	Unknown	23583800	1.1	2.7	"None
None
None
None
-0.12"
190A	ChordiaTherapeutics	ヘルスケア	バイオテクノロジー	412352600	1.5	6.1	"0.08
0.15
None
None
0.15"
189A	D&Mカンパニー	ヘルスケア	医療施設	15744800	1.3	1.9	"None
None
None
None
-0.15"
186A	アストロスケールホールディングス	産業	Aerospace & Defense	314350100	1.9	2.7	"None
None
None
None
-0.17"
184A	学びエイド	Unknown	Unknown	31260200	1.0	2.3	"None
None
None
None
-0.39"
177A	コージンバイオ	ヘルスケア	バイオテクノロジー	22067100	1.3	2.1	"None
None
None
None
-0.05"
176A	レジル	公共事業	Utilities—Regulated Electric	58779100	1.8	1.8	"None
None
None
None
0.52"
175A	Will Smart	Unknown	Unknown	5122000	1.0	2.1	"None
None
None
None
-0.3"
173A	ハンモック	Unknown	Unknown	7768600	1.5	2.3	"None
None
None
None
-0.32"
168A	イタミアート	Unknown	Unknown	12465800	1.1	2.2	"None
None
None
None
-0.32"
160A	アズパートナーズ	Unknown	Unknown	6173100	1.1	1.7	"None
None
None
None
-0.11"
157A	グリーンモンスター	技術	Software—Application	11671400	1.0	3.1	"-0.64
None
None
None
-0.64"
156A	マテリアルグループ	通信サービス	広告代理店	9055200	1.0	1.8	"None
None
None
None
-0.62"
153A	カウリス	Unknown	Unknown	35452700	1.4	3.1	"-0.33
None
None
None
-0.33"
155A	情報戦略テクノロジー	Unknown	Unknown	51309900	1.4	3.3	"-0.36
None
None
None
-0.36"
149A	シンカ	Unknown	Unknown	10835300	1.2	3.1	"-0.36
None
None
None
-0.36"
151A	ダイブ	Unknown	Unknown	13803100	1.2	1.6	"None
None
None
None
-0.07"
146A	コロンビア・ワークス	不動産	Real Estate—Development	13276900	1.5	2.1	"None
None
None
None
-0.35"
148A	ハッチ・ワーク	Unknown	Unknown	8509400	1.4	1.9	"None
None
None
None
-0.36"
150A	JSH	Unknown	Unknown	15962000	1.1	1.7	"None
None
None
None
-0.06"
145A	L is B	Unknown	Unknown	18838200	1.1	2.4	"None
None
None
None
-0.36"
147A	ソラコム	技術	Software—Infrastructure	152391300	1.3	2.6	"None
None
None
None
-0.34"
143A	イシン	通信サービス	広告代理店	12338800	1.3	3.5	"-0.36
None
None
None
-0.36"
142A	ジンジブ	Unknown	Unknown	7146400	1.0	3.0	"None
None
None
None
-0.65"
5858	STG	産業	金属製造	600	0.7	1.0	"None
None
None
None
4.56"
141A	トライアルホールディングス	消費者防衛	Discount Stores	136285700	1.3	1.6	"None
None
None
None
0.45"
137A	Cocolive	Unknown	Unknown	13278600	1.2	3.6	"-0.44
None
None
None
-0.44"
138A	光フードサービス	Unknown	Unknown	3403500	1.1	2.9	"None
None
None
None
-0.66"
135A	VRAIN Solution	Unknown	Unknown	52954800	1.0	3.9	"-0.73
None
None
None
-0.66"
130A	Veritas In Silico	Unknown	Unknown	36369700	1.4	5.0	"-0.49
None
None
None
-0.47"
5871	SOLIZE	技術	コンピュータハードウェア	42956300	1.2	3.3	"-0.46
None
None
None
-0.46"
343A	IACEトラベル			-1			
340A	ジグザグ			-1			
341A	トヨコー			-1			
339A	プログレス・テクノロジーズグループ			-1			
336A	ダイナミックマッププラットフォーム			-1			
338A	ZenmuTech			-1			
334A	ビジュアル・プロセッシング・ジャパン			-1			
335A	ミライロ			-1			
9388	パパネッツ			-1			
332A	ミーク			-1			
5016	JX金属			-1			
331A	メディックス			-1			
330A	TalentX			-1			
325A	TENTIAL			-1			
324A	ブッキングリゾート			-1			
323A	フライヤー			-1			
319A	技術承継機構			-1			
7790	バルコス			-1			
302A	ビースタイルホールディングス			-1			
303A	visumo			-1			
304A	フォルシア			-1			
298A	GVA TECH			-1			
297A	アルピコホールディングス			-1			
300A	MIC			-1			
5241	日本オーエー研究所			-1			
296A	令和アカウンティング・ホールディングス			-1			
299A	dely			-1			
290A	Synspective			-1			
285A	キオクシアホールディングス			-1			
291A	リスキル			-1			
289A	ファイントゥデイホールディングス			-1			
287A	黒田グループ			-1			
288A	ラクサス・テクノロジーズ			-1			
286A	ユカリア			-1			
281A	インフォメティス			-1			
280A	TMH			-1			
