企業名	現在何倍株	最大何倍株	上場日	3,5,7,10,N倍まで何年	オーナー株%	売上成長率_平均	経常利益率_平均	想定時価総額	売買回転率	公募%	売り出し%	オーバーアロットメント%	事業内容	上場までの年数	コード	社長株%	PER	IPO情報URL	IR	有価証券報告書	会社URL	決算	決算伸び率%	管理人からのコメント	株主名と比率	企業業績のデータ（5年分）	市場	業種	注目度	想定価格	公開価格	初値予想	初値	仮条件min	仮条件max	代表者名	代表者の上場時の年齢	設立年	従業員数	株主数	資本金	上場時発行済株数	公開株式数	調達資金使途	社長_株%	役員_株%	家族_株%	親会社_株%	従業員_株%	VC_ファンド_株%	VC_ファンド除く_株%	大株主	sector	industry	上場後の取引量	2倍まで何年	3倍まで何年	4倍まで何年	5倍まで何年	6倍まで何年	7倍まで何年	8倍まで何年	9倍まで何年	10倍まで何年	上場年
山忠			2025/07/29		92.6	21.5	10.4	3213600000	-0.0	78.9	21.1	0.0	不動産の企画・開発・販売、不動産の賃貸及び管理、ビジネスホテル運営等	34	391A	80.73	6.72	https://www.ipokiso.com/company/2025/yamachuu.html	https://irbank.net/391A/ir	https://disclosure2dl.edinet-fsa.go.jp/searchdocument/pdf/S100W5XW.pdf	https://www.yamachuu.co.jp/	"売上高（百万円）	3199	4570	4459	5533
経常利益（百万円）	158	659	415	716
当期純利益（百万円）	120	261	308	478
1株あたりの純利益（円）	111	242	286	443
自己資本比率（％）	20.4	22.7	25.9	24.0
自己資本利益率（％）	5.1	10.3	10.7	14.7
経常利益率（％）	4.9	14.4	9.3	12.9"	"None	43%	-2%	24%
None	317%	-37%	73%
None	118%	18%	55%
None	118%	18%	55%
None	11%	14%	-7%
None	102%	4%	37%
None	None	None	None"	山忠（391A）は、「不動産の企画・開発・販売、不動産の賃貸及び管理、ビジネスホテル運営等」を主な事業としています。愛知県を中心に都市型分譲マンションの開発・販売や、トランクルームなどのレンタル事業、ビジネスホテル「ジャストイン」の運営など、不動産分野で幅広く展開しています。	"[{""株主名"": ""山﨑 恭裕（社長）"", ""比率"": 80.73, ""ロックアップ"": ""180日間\r\n90日間※"", ""isCEO"": true}, {""株主名"": ""山﨑 忠七"", ""比率"": 2.5, ""ロックアップ"": """", ""isCEO"": false}, {""株主名"": ""山﨑 當子"", ""比率"": 2.5, ""ロックアップ"": """", ""isCEO"": false}, {""株主名"": ""山﨑 正揮"", ""比率"": 2.5, ""ロックアップ"": """", ""isCEO"": false}, {""株主名"": ""細江 盛方"", ""比率"": 1.27, ""ロックアップ"": ""90日間"", ""isCEO"": false}, {""株主名"": ""奥田 慶太"", ""比率"": 0.76, ""ロックアップ"": ""90日間"", ""isCEO"": false}, {""株主名"": ""山忠従業員持株会"", ""比率"": 0.73, ""ロックアップ"": ""180日間"", ""isCEO"": false}, {""株主名"": ""伊藤 良徳"", ""比率"": 0.55, ""ロックアップ"": ""90日間"", ""isCEO"": false}, {""株主名"": ""岐阜信用金庫"", ""比率"": 0.52, ""ロックアップ"": """", ""isCEO"": false}, {""株主名"": ""山﨑 美由紀"", ""比率"": 0.52, ""ロックアップ"": """", ""isCEO"": false}]"	"[{""売上高（百万円）"": {""2021年4月"": 3199.0, ""2022年4月"": 4570.0, ""2023年4月"": 4459.0, ""2024年4月"": 5533.0}}, {""経常利益（百万円）"": {""2021年4月"": 158.0, ""2022年4月"": 659.0, ""2023年4月"": 415.0, ""2024年4月"": 716.0}}, {""当期純利益（百万円）"": {""2021年4月"": 120.0, ""2022年4月"": 261.0, ""2023年4月"": 308.0, ""2024年4月"": 478.0}}, {""純資産額（百万円）"": {""2021年4月"": 2421.0, ""2022年4月"": 2673.0, ""2023年4月"": 3019.0, ""2024年4月"": 3476.0}}, {""1株あたりの純資産額（円）"": {""2021年4月"": 2245.0, ""2022年4月"": 2478.0, ""2023年4月"": 2800.0, ""2024年4月"": 3223.0}}, {""1株あたりの純利益（円）"": {""2021年4月"": 111.0, ""2022年4月"": 242.0, ""2023年4月"": 286.0, ""2024年4月"": 443.0}}, {""自己資本比率（％）"": {""2021年4月"": 20.4, ""2022年4月"": 22.7, ""2023年4月"": 25.9, ""2024年4月"": 24.0}}, {""自己資本利益率（％）"": {""2021年4月"": 5.1, ""2022年4月"": 10.3, ""2023年4月"": 10.7, ""2024年4月"": 14.7}}]"	名証メイン	不動産業	-	2600						山崎 恭裕（上場時60歳2カ月）／1965年生	60	1991	21	31	99000000	1236000	190000	長期借入金の返済	89.5	3.1	0	0.0	0.5	0.0	0.0	"山崎恭裕	代表取締役	930300	80.7
山崎忠七	代表取締役の血族	28800	2.5
山崎當子	代表取締役の血族	28800	2.5
山崎正揮	代表取締役の血族	28800	2.5
細江盛方	取締役	14600	1.3
奥田慶太	取締役	8700	0.8
山忠従業員持株会	特別利害関係者など	8400	0.7
伊藤良徳	常務取締役	6300	0.6
岐阜信用金庫	特別利害関係者など	6000	0.5
山崎美由紀	代表取締役の配偶者	6000	0.5
匿名	同社または子会社の従業員	5200	0.5
岩田弘典	取締役	5100	0.4
山崎由莉	代表取締役の血族	5100	0.4
山崎真裕	代表取締役の血族	5100	0.4"			-1	-1.0	-1.0	-1	-1	-1	-1	-1	-1	-1	2025
フラー			2025/07/24		16.0	15.2	7.0	1882027200	-0.0	21.9	65.1	13.0	スマートフォンアプリを中心としたデジタル領域全般における事業開発コンサルティング・UI/UX デザイン・システム開発、アプリ利用データ分析等	14	387A		65.4	https://www.ipokiso.com/company/2025/fuller-inc.html	https://irbank.net/387A/ir	https://disclosure2dl.edinet-fsa.go.jp/searchdocument/pdf/S100W0E0.pdf	https://www.fuller-inc.com/	"売上高（百万円）	1005	1245	1507	1518
経常利益（百万円）	62	166	109	19
当期純利益（百万円）	61	225	122	29
1株あたりの純利益（円）	2	97	76	27
自己資本比率（％）	39.2	59.2	56.6	59.6
自己資本利益率（％）	31.3	53.5	18.0	3.8
経常利益率（％）	6.2	13.3	7.2	1.3"	"None	24%	21%	1%
None	168%	-34%	-83%
None	269%	-46%	-76%
None	4750%	-22%	-64%
None	51%	-4%	5%
None	71%	-66%	-79%
None	None	None	None"	フラー（387A）は、「スマートフォンアプリを中心としたデジタル領域全般における事業開発コンサルティング・UI/UX デザイン・システム開発、アプリ利用データ分析等」を主な事業としています。アプリ開発は地方自治体やさまざまな企業と連携しており、『長岡花火公式アプリ』、『ふるさとチョイス』、JTB『るるぶ＋』、投資信託ひふみ（レオス・キャピタルワークス）の『てのひらのひふみ』などを手掛けています。もう一つの柱として、アプリのユーザー分析を可能とする自社サービス『App Ape』を提供しており、アプリの企画・マーケティングに携わる500社以上の企業で利用されています。	"[{""株主名"": ""（株）ヤプリ"", ""比率"": 19.85, ""ロックアップ"": ""180日間"", ""isCEO"": false}, {""株主名"": ""（株）電通グループ"", ""比率"": 19.49, ""ロックアップ"": ""180日間"", ""isCEO"": false}, {""株主名"": ""渋谷 修太"", ""比率"": 11.21, ""ロックアップ"": ""180日間"", ""isCEO"": false}, {""株主名"": ""Ｂ Ｄａｓｈ Ｆｕｎｄ４号投資事業有限責任組合"", ""比率"": 8.26, ""ロックアップ"": ""90日間\n1.5倍"", ""isCEO"": false}, {""株主名"": ""いばらき新産業創出ファンド投資事業有限責任組合"", ""比率"": 5.07, ""ロックアップ"": ""90日間\n1.5倍"", ""isCEO"": false}, {""株主名"": ""地方創生新潟１号投資事業有限責任組合"", ""比率"": 3.34, ""ロックアップ"": ""90日間\n1.5倍"", ""isCEO"": false}, {""株主名"": ""山本 公哉"", ""比率"": 2.74, ""ロックアップ"": ""180日間"", ""isCEO"": false}, {""株主名"": ""櫻井 裕基"", ""比率"": 2.45, ""ロックアップ"": ""180日間"", ""isCEO"": false}, {""株主名"": ""山﨑 将司（社長）"", ""比率"": 2.33, ""ロックアップ"": ""180日間"", ""isCEO"": true}, {""株主名"": ""従業員"", ""比率"": 2.25, ""ロックアップ"": """", ""isCEO"": false}]"	"[{""売上高（百万円）"": {""2021年6月"": 1005.0, ""2022年6月"": 1245.0, ""2023年6月"": 1507.0, ""2024年6月"": 1518.0}}, {""経常利益（百万円）"": {""2021年6月"": 62.0, ""2022年6月"": 166.0, ""2023年6月"": 109.0, ""2024年6月"": 19.0}}, {""当期純利益（百万円）"": {""2021年6月"": 61.0, ""2022年6月"": 225.0, ""2023年6月"": 122.0, ""2024年6月"": 29.0}}, {""純資産額（百万円）"": {""2021年6月"": 226.0, ""2022年6月"": 615.0, ""2023年6月"": 737.0, ""2024年6月"": 768.0}}, {""1株あたりの純資産額（円）"": {""2021年6月"": 2401.0, ""2022年6月"": 1995.0, ""2023年6月"": 461.0, ""2024年6月"": 1973.0}}, {""1株あたりの純利益（円）"": {""2021年6月"": 2.0, ""2022年6月"": 97.0, ""2023年6月"": 76.0, ""2024年6月"": 27.0}}, {""自己資本比率（％）"": {""2021年6月"": 39.2, ""2022年6月"": 59.2, ""2023年6月"": 56.6, ""2024年6月"": 59.6}}, {""自己資本利益率（％）"": {""2021年6月"": 31.3, ""2022年6月"": 53.5, ""2023年6月"": 18.0, ""2024年6月"": 3.8}}]"	東証グロース	情報・通信業	-	1110						山崎 将司（上場時37歳0カ月）／1988年生	37	2011	192	48	50379000	1695520	273900	採用関連費用	2.3	13.7	0	0.0	0.0	18.8	0.0	"(株)ﾔﾌﾟﾘ	その他の関係会社	352400	19.9
(株)電通ｸﾞﾙｰﾌﾟ	その他の関係会社	346000	19.5
渋谷修太	取締役会長	198991	11.2
B Dash Fund4号投組	投資業(ﾌｧﾝﾄﾞ)	146630	8.3
いばらき新産業創出ﾌｧﾝﾄﾞ投組	投資業(ﾌｧﾝﾄﾞ)	90000	5.1
地方創生新潟1号投組	投資業(ﾌｧﾝﾄﾞ)	59320	3.3
山本公哉	特別利害関係者など	48600	2.7
桜井裕基	取締役COO	43400	2.5
山崎将司	代表取締役社長	41400	2.3
匿名	従業員（元従業員含む）	40000	2.2
朝日ﾒﾃﾞｨｱﾗﾎﾞﾍﾞﾝﾁｬｰｽﾞ(株)	投資業(ﾌｧﾝﾄﾞ)	37400	2.1"			-1	-1.0	-1.0	-1	-1	-1	-1	-1	-1	-1	2025
みのや			2025/07/18		83.5	9.9	2.9	5040000000	-0.0	62.1	24.8	13.0	小売店『おかしのまちおか』での菓子販売	71	386A	31.87	7.06	https://www.ipokiso.com/company/2025/machioka.html	https://irbank.net/386A/ir	https://disclosure2dl.edinet-fsa.go.jp/searchdocument/pdf/S100VY9U.pdf	https://www.machioka.co.jp/	"売上高（百万円）	16977	18097	20143	22540
経常利益（百万円）	221	377	724	1046
当期純利益（百万円）	110	211	391	714
1株あたりの純利益（円）	7303	14074	130	238
自己資本比率（％）	20.1	22.7	26.0	32.5
自己資本利益率（％）	9.5	16.4	24.6	33.3
経常利益率（％）	1.3	2.1	3.6	4.6"	"None	7%	11%	12%
None	71%	92%	44%
None	92%	85%	83%
None	93%	-99%	83%
None	13%	15%	25%
None	73%	50%	35%
None	None	None	None"	みのや（386A）は、「小売店『おかしのまちおか』での菓子販売」を主な事業としています。『おかしのまちおか』は直営店を関東圏、中京圏、関西圏に207店舗を出店しています。特定の地域に集中展開するドミナント出店で、地域密着型のサービスを提供することで、競合他社との差別化を図っています。もともと菓子卸業からスタートした強みを生かし、安価でバラエティ豊かな品ぞろえに定評があります。2024年には人気アニメ『ちいかわ』に店名が登場し、話題を集めました。	"[{""株主名"": ""（株）マサキコーポレーション"", ""比率"": 36.33, ""ロックアップ"": ""180日間"", ""isCEO"": false}, {""株主名"": ""正木 宏和（社長）"", ""比率"": 31.87, ""ロックアップ"": ""180日間"", ""isCEO"": true}, {""株主名"": ""おかしのまちおか従業員持株会"", ""比率"": 9.13, ""ロックアップ"": ""180日間"", ""isCEO"": false}, {""株主名"": ""内田 和枝"", ""比率"": 9.0, ""ロックアップ"": ""180日間"", ""isCEO"": false}, {""株主名"": ""正木 美惠"", ""比率"": 3.33, ""ロックアップ"": ""180日間"", ""isCEO"": false}, {""株主名"": ""むさしの地域創生推進ファンド投資事業有限責任組合"", ""比率"": 3.33, ""ロックアップ"": """", ""isCEO"": false}, {""株主名"": ""（株）武蔵野銀行"", ""比率"": 1.67, ""ロックアップ"": ""180日間"", ""isCEO"": false}, {""株主名"": ""正木 惇也"", ""比率"": 1.0, ""ロックアップ"": ""180日間"", ""isCEO"": false}, {""株主名"": ""正木 友梨"", ""比率"": 1.0, ""ロックアップ"": ""180日間"", ""isCEO"": false}, {""株主名"": ""正木 理子"", ""比率"": 1.0, ""ロックアップ"": ""180日間"", ""isCEO"": false}]"	"[{""売上高（百万円）"": {""2021年6月"": 16977.0, ""2022年6月"": 18097.0, ""2023年6月"": 20143.0, ""2024年6月"": 22540.0}}, {""経常利益（百万円）"": {""2021年6月"": 221.0, ""2022年6月"": 377.0, ""2023年6月"": 724.0, ""2024年6月"": 1046.0}}, {""当期純利益（百万円）"": {""2021年6月"": 110.0, ""2022年6月"": 211.0, ""2023年6月"": 391.0, ""2024年6月"": 714.0}}, {""純資産額（百万円）"": {""2021年6月"": 1180.0, ""2022年6月"": 1400.0, ""2023年6月"": 1786.0, ""2024年6月"": 2500.0}}, {""1株あたりの純資産額（円）"": {""2021年6月"": 78666.0, ""2022年6月"": 93316.0, ""2023年6月"": 595.0, ""2024年6月"": 833.0}}, {""1株あたりの純利益（円）"": {""2021年6月"": 7303.0, ""2022年6月"": 14074.0, ""2023年6月"": 130.0, ""2024年6月"": 238.0}}, {""自己資本比率（％）"": {""2021年6月"": 20.1, ""2022年6月"": 22.7, ""2023年6月"": 26.0, ""2024年6月"": 32.5}}, {""自己資本利益率（％）"": {""2021年6月"": 9.5, ""2022年6月"": 16.4, ""2023年6月"": 24.6, ""2024年6月"": 33.3}}]"	東証スタンダード	小売業	-	1440						正木 宏和（上場時72歳9カ月）／1952年生	73	1954	178	14	100000000	3500000	805000	新規出店や既存店リニューアル	83.5	0.0	0	0.0	0.0	3.3	0.0	"(株)ﾏｻｷｺｰﾎﾟﾚｰｼｮﾝ	役員らが議決権の過半数所有	1090000	36.3
正木宏和	代表取締役社長	956000	31.9
おかしのまちおか従業員持株会	特別利害関係者など	274000	9.1
内田和枝	代表取締役の血族	270000	9.0
正木美恵	代表取締役の配偶者	100000	3.3
むさしの地域創生推進ﾌｧﾝﾄﾞ投組	投資業(ﾌｧﾝﾄﾞ)	100000	3.3
(株)武蔵野銀行	特別利害関係者など	50000	1.7
正木惇也	取締役、代表取締役の血族	30000	1.0
正木友梨	代表取締役の血族	30000	1.0
正木理子	代表取締役の血族	30000	1.0"			-1	-1.0	-1.0	-1	-1	-1	-1	-1	-1	-1	2025
かがやきホールディングス			2025/07/16		92.1	107.8	6.1	1725240000	-0.0	43.5	43.5	13.0	コンサルティング事業、人材派遣事業、その他事業を営むグループ会社の企画・管理・運営	5	384A	42.96	17.76	https://www.ipokiso.com/company/2025/kagayaki-grp.html	https://irbank.net/384A/ir	https://disclosure2dl.edinet-fsa.go.jp/searchdocument/pdf/S100VXUC.pdf	https://www.kagayaki-grp.com/	"売上高（百万円）	350	384	1525	1779
経常利益（百万円）	21	1	130	173
当期純利益（百万円）	0	1	66	97
1株あたりの純利益（円）	25	62	60	87
自己資本比率（％）	11.6	11.9	9.7	19.8
自己資本利益率（％）	0.5	0.6	95.9	58.2
経常利益率（％）	6.0	0.3	8.5	9.7"	"None	10%	297%	17%
None	-95%	12900%	33%
None	None	6500%	47%
None	148%	-3%	45%
None	3%	-18%	104%
None	20%	15883%	-39%
None	None	None	None"	かがやきホールディングス（384A）は、「コンサルティング事業、人材派遣事業、その他事業を営むグループ会社の企画・管理・運営」を主な事業としています。グループ内の企業が連携することで、中堅・中小企業のさまざまな経営課題に対して、ワンストップで支援できるところが強みです。一方で、中堅・中小企業にとって必要不可欠な税理士や司法書士といった士業法人と業務委託契約を結び、『かがやきアソシエイツ』として安定的な運営を支援しています。『かがやきアソシエイツ』を通して企業により良いサービスを提供できるため、グループ事業全体の収益拡大にもつながっています。	"[{""株主名"": ""稲垣 靖（社長）"", ""比率"": 42.96, ""ロックアップ"": ""180日間"", ""isCEO"": true}, {""株主名"": ""（株）稲垣"", ""比率"": 42.96, ""ロックアップ"": ""180日間"", ""isCEO"": false}, {""株主名"": ""髙山 隆幸"", ""比率"": 2.34, ""ロックアップ"": ""180日間"", ""isCEO"": false}, {""株主名"": ""（株）日本Ｍ＆Ａセンター"", ""比率"": 1.56, ""ロックアップ"": ""180日間"", ""isCEO"": false}, {""株主名"": ""中川 与治"", ""比率"": 1.56, ""ロックアップ"": ""180日間"", ""isCEO"": false}, {""株主名"": ""かがやきホールディングス従業員持株会"", ""比率"": 1.38, ""ロックアップ"": ""継続保有"", ""isCEO"": false}, {""株主名"": ""岡本 和也"", ""比率"": 1.17, ""ロックアップ"": ""180日間"", ""isCEO"": false}, {""株主名"": ""佐藤 祐樹"", ""比率"": 0.62, ""ロックアップ"": ""180日間"", ""isCEO"": false}, {""株主名"": ""米野井 剛"", ""比率"": 0.39, ""ロックアップ"": ""180日間"", ""isCEO"": false}, {""株主名"": ""連結子会社の従業員"", ""比率"": 0.39, ""ロックアップ"": ""継続保有"", ""isCEO"": false}]"	"[{""売上高（百万円）"": {""2021年6月"": 350.0, ""2022年6月"": 384.0, ""2023年6月"": 1525.0, ""2024年6月"": 1779.0}}, {""経常利益（百万円）"": {""2021年6月"": 21.0, ""2022年6月"": 1.0, ""2023年6月"": 130.0, ""2024年6月"": 173.0}}, {""当期純利益（百万円）"": {""2021年6月"": 0.0, ""2022年6月"": 1.0, ""2023年6月"": 66.0, ""2024年6月"": 97.0}}, {""純資産額（百万円）"": {""2021年6月"": 108.0, ""2022年6月"": 105.0, ""2023年6月"": 106.0, ""2024年6月"": 227.0}}, {""1株あたりの純資産額（円）"": {""2021年6月"": 9843.0, ""2022年6月"": 9569.0, ""2023年6月"": 95.0, ""2024年6月"": 200.0}}, {""1株あたりの純利益（円）"": {""2021年6月"": 25.0, ""2022年6月"": 62.0, ""2023年6月"": 60.0, ""2024年6月"": 87.0}}, {""自己資本比率（％）"": {""2021年6月"": 11.6, ""2022年6月"": 11.9, ""2023年6月"": 9.7, ""2024年6月"": 19.8}}, {""自己資本利益率（％）"": {""2021年6月"": 0.5, ""2022年6月"": 0.6, ""2023年6月"": 95.9, ""2024年6月"": 58.2}}]"	東証グロース	サービス業	B	1200						稲垣 靖（上場時59歳10カ月）／1965年生	60	2020	21	4	45000000	1437700	690000	運転資金として人的資本投資に充当	86.0	6.1	0	0.0	0.4	0.0	0.0	"稲垣靖	代表取締役社長など	550000	43.0
(株)稲垣	役員らが議決権の過半数所有	550000	43.0
高山隆幸	専務取締役など	30000	2.3
(株)日本M&Aｾﾝﾀｰ	特別利害関係者など	20000	1.6
中川与治	取締役など	20000	1.6
かがやきHD従業員持株会	特別利害関係者など	17700	1.4
岡本和也	取締役など	15000	1.2
佐藤祐樹	従業員、子会社の取締役	8000	0.6
米野井剛	子会社の取締役	5000	0.4
匿名	子会社の従業員	5000	0.4"			-1	-1.0	-1.0	-1	-1	-1	-1	-1	-1	-1	2025
ヒット			2025/07/04		95.0	29.6	27.2	8908900000	-0.0	36.0	51.0	13.0	屋外広告媒体の企画、運営および屋外広告を中心とした広告全般の取扱いに係る事業	34	378A	12.81	9.52	https://www.ipokiso.com/company/2025/hit-ad.html	https://irbank.net/378A/ir	https://disclosure2dl.edinet-fsa.go.jp/searchdocument/pdf/S100VV7N.pdf	https://www.hit-ad.co.jp/	"売上高（百万円）	1901	2601	3436	4122
経常利益（百万円）	276	705	1135	1404
当期純利益（百万円）	180	39	755	936
1株あたりの純利益（円）	12965	1400	136	168
自己資本比率（％）	32.2	23.7	34.8	40.9
自己資本利益率（％）	18.7	3.9	56.1	43.6
経常利益率（％）	14.5	27.1	33.0	34.1"	"None	37%	32%	20%
None	155%	61%	24%
None	-78%	1836%	24%
None	-89%	-90%	24%
None	-26%	47%	18%
None	-79%	1338%	-22%
None	None	None	None"	ヒット（378A）は、「屋外広告媒体の企画、運営および屋外広告を中心とした広告全般の取扱いに係る事業」を主な事業としています。広告媒体は、デジタル媒体（デジタルサイネージ）とアナログ媒体（看板）のどちらも扱っており、屋外広告の開発から設置運営、広告枠の販売までをワンストップで可能にしているところが強みです。SNSなどで話題になった肉眼3Dの広告も制作しています。	"[{""株主名"": ""松丸 敦之"", ""比率"": 55.07, ""ロックアップ"": ""180日間"", ""isCEO"": false}, {""株主名"": ""(株)ボンド・ホールディングス"", ""比率"": 19.78, ""ロックアップ"": ""180日間"", ""isCEO"": false}, {""株主名"": ""深井 英樹（社長）"", ""比率"": 12.81, ""ロックアップ"": ""180日間"", ""isCEO"": true}, {""株主名"": ""松丸 さつき"", ""比率"": 3.19, ""ロックアップ"": ""180日間"", ""isCEO"": false}, {""株主名"": ""安田 仁裕"", ""比率"": 1.93, ""ロックアップ"": ""180日間"", ""isCEO"": false}, {""株主名"": ""江口 雄一"", ""比率"": 1.19, ""ロックアップ"": ""180日間"", ""isCEO"": false}, {""株主名"": ""勝山 宏哉"", ""比率"": 1.16, ""ロックアップ"": ""180日間"", ""isCEO"": false}, {""株主名"": ""曽我 正史"", ""比率"": 1.07, ""ロックアップ"": ""180日間"", ""isCEO"": false}, {""株主名"": ""宮内 理司"", ""比率"": 0.66, ""ロックアップ"": """", ""isCEO"": false}, {""株主名"": ""髙橋 徹"", ""比率"": 0.53, ""ロックアップ"": ""180日間"", ""isCEO"": false}]"	"[{""売上高（百万円）"": {""2021年6月"": 1901.0, ""2022年6月"": 2601.0, ""2023年6月"": 3436.0, ""2024年6月"": 4122.0}}, {""経常利益（百万円）"": {""2021年6月"": 276.0, ""2022年6月"": 705.0, ""2023年6月"": 1135.0, ""2024年6月"": 1404.0}}, {""当期純利益（百万円）"": {""2021年6月"": 180.0, ""2022年6月"": 39.0, ""2023年6月"": 755.0, ""2024年6月"": 936.0}}, {""純資産額（百万円）"": {""2021年6月"": 1031.0, ""2022年6月"": 980.0, ""2023年6月"": 1716.0, ""2024年6月"": 2587.0}}, {""1株あたりの純資産額（円）"": {""2021年6月"": 74166.0, ""2022年6月"": 35100.0, ""2023年6月"": 308.0, ""2024年6月"": 464.0}}, {""1株あたりの純利益（円）"": {""2021年6月"": 12965.0, ""2022年6月"": 1400.0, ""2023年6月"": 136.0, ""2024年6月"": 168.0}}, {""自己資本比率（％）"": {""2021年6月"": 32.2, ""2022年6月"": 23.7, ""2023年6月"": 34.8, ""2024年6月"": 40.9}}, {""自己資本利益率（％）"": {""2021年6月"": 18.7, ""2022年6月"": 3.9, ""2023年6月"": 56.1, ""2024年6月"": 43.6}}]"	東証グロース	サービス業	B	1430				1430.0	1500.0	深井 英樹（上場時61歳2カ月）／1964年生	61	1991	90	32	29500000	6230000	1863000	大型デジタル媒体設備投資	90.9	4.1	0	0.0	3.4	0.0	0.0	"松丸敦之	代表取締役会長	3452800	55.1
(株)ﾎﾞﾝﾄﾞ･ﾎｰﾙﾃﾞｨﾝｸﾞｽ	代表取締役会長の親族の資産管理会社	1240000	19.8
深井英樹	代表取締役社長	803400	12.8
松丸さつき	代表取締役会長の配偶者	200000	3.2
安田仁裕	常務取締役	121000	1.9
江口雄一	従業員	74800	1.2
勝山宏哉	取締役	73000	1.2
曽我正史	従業員	66800	1.1
宮内理司	従業員	41400	0.7
高橋徹	取締役	33000	0.5
大岩義典	取締役	28000	0.5
小笠原伸行	従業員	26400	0.4"			-1	-1.0	-1.0	-1	-1	-1	-1	-1	-1	-1	2025
リップス			2025/06/30		59.2	60.7	22.7	7905000000	-0.0	3.9	83.0	13.0	メンズコスメの企画・販売を行う商品事業及びヘアサロンのフランチャイズ運営を行うサロンフランチャイズ事業	17	373A	16.01	18.66	https://www.ipokiso.com/company/2025/lipps.html	https://irbank.net/373A/ir	https://disclosure2dl.edinet-fsa.go.jp/searchdocument/pdf/S100VUKW.pdf	https://www.lipps.co.jp/	"売上高（百万円）	1878	1012	3107	3761
経常利益（百万円）	523	193	770	719
当期純利益（百万円）	349	136	539	424
1株あたりの純利益（円）	5825	1776	216	169
自己資本比率（％）	10.0	73.5	80.4	86.7
自己資本利益率（％）	150.5	13.7	25.3	16.2
経常利益率（％）	27.8	19.1	24.8	19.1"	"None	-46%	207%	21%
None	-63%	299%	-7%
None	-61%	296%	-21%
None	-70%	-88%	-22%
None	635%	9%	8%
None	-91%	85%	-36%
None	None	None	None"	リップス（373A）は、「メンズコスメの企画・販売を行う商品事業及びヘアサロンのフランチャイズ運営を行うサロンフランチャイズ事業」を主な事業としています。売上のうち約9割は商品事業が占めており、メンズビューティーブランド『LIPPS』では、ヘアワックスやヘアミルクなどヘアケア製品を展開中です。さらに2019年からはスキンケア・メイクアップ商品ブランド『LIPPS BOY』をスタートし、男性向けメイクアップ用品の販売にも力を入れています。主力商品のヘアワックスシリーズのキービジュアルに俳優・モデルとして活躍する鈴鹿央士さんを起用し、Z世代の男性から支持を集めています。	"[{""株主名"": ""（株）Ａｋｅｒｕ"", ""比率"": 37.37, ""ロックアップ"": ""180日間"", ""isCEO"": false}, {""株主名"": ""野村キャピタル・パートナーズ第一号投資事業有限責任組合"", ""比率"": 35.59, ""ロックアップ"": ""180日間"", ""isCEO"": false}, {""株主名"": ""的場 隆光（社長）"", ""比率"": 16.01, ""ロックアップ"": ""180日間"", ""isCEO"": true}, {""株主名"": ""長島 幹孟"", ""比率"": 1.6, ""ロックアップ"": ""継続保有"", ""isCEO"": false}, {""株主名"": ""上原 大輔"", ""比率"": 1.6, ""ロックアップ"": ""継続保有"", ""isCEO"": false}, {""株主名"": ""平 剛"", ""比率"": 1.33, ""ロックアップ"": ""継続保有"", ""isCEO"": false}, {""株主名"": ""西澤 民夫"", ""比率"": 1.33, ""ロックアップ"": ""継続保有"", ""isCEO"": false}, {""株主名"": ""従業員"", ""比率"": 0.89, ""ロックアップ"": ""継続保有"", ""isCEO"": false}, {""株主名"": ""従業員"", ""比率"": 0.89, ""ロックアップ"": ""継続保有"", ""isCEO"": false}, {""株主名"": ""従業員"", ""比率"": 0.31, ""ロックアップ"": ""継続保有"", ""isCEO"": false}]"	"[{""売上高（百万円）"": {""2022年3月"": 1878.0, ""2022年8月"": 1012.0, ""2023年8月"": 3107.0, ""2024年8月"": 3761.0}}, {""経常利益（百万円）"": {""2022年3月"": 523.0, ""2022年8月"": 193.0, ""2023年8月"": 770.0, ""2024年8月"": 719.0}}, {""当期純利益（百万円）"": {""2022年3月"": 349.0, ""2022年8月"": 136.0, ""2023年8月"": 539.0, ""2024年8月"": 424.0}}, {""純資産額（百万円）"": {""2022年3月"": 123.0, ""2022年8月"": 1861.0, ""2023年8月"": 2400.0, ""2024年8月"": 2823.0}}, {""1株あたりの純資産額（円）"": {""2022年3月"": 2047.0, ""2022年8月"": 18586.0, ""2023年8月"": 959.0, ""2024年8月"": 1129.0}}, {""1株あたりの純利益（円）"": {""2022年3月"": 5825.0, ""2022年8月"": 1776.0, ""2023年8月"": 216.0, ""2024年8月"": 169.0}}, {""自己資本比率（％）"": {""2022年3月"": 10.0, ""2022年8月"": 73.5, ""2023年8月"": 80.4, ""2024年8月"": 86.7}}, {""自己資本利益率（％）"": {""2022年3月"": 150.5, ""2022年8月"": 13.7, ""2023年8月"": 25.3, ""2024年8月"": 16.2}}]"	東証グロース	化学	A	3100	3130.0			3100.0	3130.0	的場 隆光（上場時59歳2カ月）／1966年生	59	2008	48	3	100000000	2550000	1277000	採用費・人件費、マーケティング費用	53.4	5.8	0	0.0	2.1	35.6	0.0	"(株)Akeru	役員らが議決権の過半数所有	1050000	37.4
野村ｷｬﾋﾟﾀﾙ･ﾊﾟｰﾄﾅｰｽﾞ第一号投組	投資業(ﾌｧﾝﾄﾞ)	1000000	35.6
的場隆光	代表取締役社長	450000	16.0
長島幹孟	取締役	45000	1.6
上原大輔	取締役	45000	1.6
平剛	取締役	37500	1.3
西沢民夫	取締役	37500	1.3
匿名1	従業員	25000	0.9
匿名2	従業員	25000	0.9
匿名3	従業員	8750	0.3"			-1	-1.0	-1.0	-1	-1	-1	-1	-1	-1	-1	2025
レント			2025/06/30		0.0	8.8	5.4	16052638000	-0.0	51.5	35.4	13.0	産業機械、建設機械および産業車両などのレンタル事業など	41	372A		7.74	https://www.ipokiso.com/company/2025/rent.html	https://irbank.net/372A/ir	https://disclosure2dl.edinet-fsa.go.jp/searchdocument/pdf/S100VTV7.pdf	https://www.rent.co.jp/	"売上高（百万円）	34010	35474	40651	43690
経常利益（百万円）	1310	1829	2460	2796
当期純利益（百万円）	899	1211	1764	2074
1株あたりの純利益（円）	276	380	561	674
自己資本比率（％）	19.9	22.6	22.8	23.8
自己資本利益率（％）	11.9	14.4	18.3	18.5
経常利益率（％）	3.9	5.2	6.1	6.4"	"None	4%	15%	7%
None	40%	34%	14%
None	35%	46%	18%
None	38%	48%	20%
None	14%	1%	4%
None	21%	27%	1%
None	None	None	None"	レント（372A）は、「産業機械、建設機械および産業車両などのレンタル事業など」を主な事業としています。日本国内に64か所の営業所を展開しており、約6,000種類、50万台超のレンタル資産を取り揃えています。通常の機器レンタルだけでなく、レンタル事業で得たノウハウや整備力を活かした「バリュープラスサービス」を提供しています。作業の効率化や安全性向上、労働衛生に関するレンタルサービスから、各種教育などさまざまな付加サービスがあります。「バリュープラスサービス」関連の売上、売上高に対する比率も年々伸びており、他社との差別化に一役買っています。	"[{""株主名"": ""双日（株）"", ""比率"": 11.92, ""ロックアップ"": ""180日間"", ""isCEO"": false}, {""株主名"": ""ヤンマー建機（株）"", ""比率"": 8.62, ""ロックアップ"": ""180日間"", ""isCEO"": false}, {""株主名"": ""レント社員持株会"", ""比率"": 6.06, ""ロックアップ"": ""180日間"", ""isCEO"": false}, {""株主名"": ""ユアサ商事（株）"", ""比率"": 5.98, ""ロックアップ"": ""180日間"", ""isCEO"": false}, {""株主名"": ""（株）ＡＩＲＭＡＮ"", ""比率"": 5.17, ""ロックアップ"": ""180日間"", ""isCEO"": false}, {""株主名"": ""丸紅（株）"", ""比率"": 4.93, ""ロックアップ"": """", ""isCEO"": false}, {""株主名"": ""コベルコ建機（株）"", ""比率"": 4.87, ""ロックアップ"": ""180日間"", ""isCEO"": false}, {""株主名"": ""（株）アイチコーポレーション"", ""比率"": 4.5, ""ロックアップ"": ""180日間"", ""isCEO"": false}, {""株主名"": ""静岡キャピタル８号投資事業有限責任組合"", ""比率"": 3.39, ""ロックアップ"": ""180日間"", ""isCEO"": false}, {""株主名"": ""レンテック大敬（株）"", ""比率"": 3.08, ""ロックアップ"": """", ""isCEO"": false}]"	"[{""売上高（百万円）"": {""2021年5月"": 34010.0, ""2022年5月"": 35474.0, ""2023年5月"": 40651.0, ""2024年5月"": 43690.0}}, {""経常利益（百万円）"": {""2021年5月"": 1310.0, ""2022年5月"": 1829.0, ""2023年5月"": 2460.0, ""2024年5月"": 2796.0}}, {""当期純利益（百万円）"": {""2021年5月"": 899.0, ""2022年5月"": 1211.0, ""2023年5月"": 1764.0, ""2024年5月"": 2074.0}}, {""純資産額（百万円）"": {""2021年5月"": 8093.0, ""2022年5月"": 8947.0, ""2023年5月"": 10314.0, ""2024年5月"": 12666.0}}, {""1株あたりの純資産額（円）"": {""2021年5月"": 2437.0, ""2022年5月"": 2765.0, ""2023年5月"": 3345.0, ""2024年5月"": 3967.0}}, {""1株あたりの純利益（円）"": {""2021年5月"": 276.0, ""2022年5月"": 380.0, ""2023年5月"": 561.0, ""2024年5月"": 674.0}}, {""自己資本比率（％）"": {""2021年5月"": 19.9, ""2022年5月"": 22.6, ""2023年5月"": 22.8, ""2024年5月"": 23.8}}, {""自己資本利益率（％）"": {""2021年5月"": 11.9, ""2022年5月"": 14.4, ""2023年5月"": 18.3, ""2024年5月"": 18.5}}]"	東証スタンダード	サービス業	A	4270	4330.0			4270.0	4330.0	岡田 朗（上場時66歳10カ月）／1958年生	67	1984	1157	88	1401120000	3759400	970600	営業所の新規開設、レンタル資産の増強	0.0	0.0	0	0.0	0.0	3.4	3.1	"双日(株)	特別利害関係者など	387000	11.9
ﾔﾝﾏｰ建機(株)	特別利害関係者など	279800	8.6
ﾚﾝﾄ社員持株会	特別利害関係者など	196600	6.1
ﾕｱｻ商事(株)	取引先	194000	6.0
(株)AIRMAN	特別利害関係者など	168000	5.2
丸紅(株)	子会社などの共同運営先	160000	4.9
ｺﾍﾞﾙｺ建機(株)	特別利害関係者など	158000	4.9
(株)ｱｲﾁｺｰﾎﾟﾚｰｼｮﾝ	特別利害関係者など	146000	4.5
静岡ｷｬﾋﾟﾀﾙ8号投組	投資業(ﾌｧﾝﾄﾞ)	110000	3.4
ﾚﾝﾃｯｸ大敬(株)	資本業務提携先	100000	3.1"			-1	-1.0	-1.0	-1	-1	-1	-1	-1	-1	-1	2025
エータイ	1.0	1.0	2025/06/26	"-1
-1
-1
-1
-0.01"	97.6	9.9	23.7	6221920000	4.02	12.6	74.3	13.0	永代供養墓の企画・建立・運営・販売代行を行う永代供養墓募集代行業務およびその他関連業務	21	369A		20.92	https://www.ipokiso.com/company/2025/a-tie.html	https://irbank.net/369A/ir	https://disclosure2dl.edinet-fsa.go.jp/searchdocument/pdf/S100VTA5.pdf	https://a-tie.co.jp/	"売上高（百万円）	1815	1783	1929	2376
経常利益（百万円）	528	413	407	508
当期純利益（百万円）	365	276	276	297
1株あたりの純利益（円）	91	69	69	74
自己資本比率（％）	74.8	79.6	84.3	77.5
自己資本利益率（％）	24.3	15.1	13.1	12.5
経常利益率（％）	29.1	23.2	21.1	21.4"	"None	-2%	8%	23%
None	-22%	-1%	25%
None	-24%	0%	8%
None	-24%	0%	7%
None	6%	6%	-8%
None	-38%	-13%	-5%
None	None	None	None"	エータイ（369A）は、「永代供養墓の企画・建立・運営・販売代行を行う永代供養墓募集代行業務およびその他関連業務」を主な事業としています。永代供養墓とは、墓地の管理者（後継者）がいなくとも、寺院が永代にわたり供養・管理を行います。	"[{""株主名"": ""樺山 伸一"", ""比率"": 58.37, ""ロックアップ"": ""180日間"", ""isCEO"": false}, {""株主名"": ""（株）エージーアイ"", ""比率"": 29.19, ""ロックアップ"": ""180日間"", ""isCEO"": false}, {""株主名"": ""樺山 玄基（社長）"", ""比率"": 9.73, ""ロックアップ"": ""180日間"", ""isCEO"": true}, {""株主名"": ""森 英之"", ""比率"": 0.44, ""ロックアップ"": ""180日間"", ""isCEO"": false}, {""株主名"": ""山本 守"", ""比率"": 0.36, ""ロックアップ"": ""180日間"", ""isCEO"": false}, {""株主名"": ""田中 佑治"", ""比率"": 0.29, ""ロックアップ"": ""180日間"", ""isCEO"": false}, {""株主名"": ""従業員"", ""比率"": 0.15, ""ロックアップ"": ""継続保有"", ""isCEO"": false}, {""株主名"": ""（株）エータイ※"", ""比率"": 0.13, ""ロックアップ"": ""継続保有"", ""isCEO"": false}, {""株主名"": ""従業員"", ""比率"": 0.12, ""ロックアップ"": ""継続保有"", ""isCEO"": false}, {""株主名"": ""従業員"", ""比率"": 0.1, ""ロックアップ"": ""継続保有"", ""isCEO"": false}]"	"[{""売上高（百万円）"": {""2021年8月"": 1815.0, ""2022年8月"": 1783.0, ""2023年8月"": 1929.0, ""2024年8月"": 2376.0}}, {""経常利益（百万円）"": {""2021年8月"": 528.0, ""2022年8月"": 413.0, ""2023年8月"": 407.0, ""2024年8月"": 508.0}}, {""当期純利益（百万円）"": {""2021年8月"": 365.0, ""2022年8月"": 276.0, ""2023年8月"": 276.0, ""2024年8月"": 297.0}}, {""純資産額（百万円）"": {""2021年8月"": 1687.0, ""2022年8月"": 1963.0, ""2023年8月"": 2239.0, ""2024年8月"": 2537.0}}, {""1株あたりの純資産額（円）"": {""2021年8月"": 422.0, ""2022年8月"": 491.0, ""2023年8月"": 560.0, ""2024年8月"": 634.0}}, {""1株あたりの純利益（円）"": {""2021年8月"": 91.0, ""2022年8月"": 69.0, ""2023年8月"": 69.0, ""2024年8月"": 74.0}}, {""自己資本比率（％）"": {""2021年8月"": 74.8, ""2022年8月"": 79.6, ""2023年8月"": 84.3, ""2024年8月"": 77.5}}, {""自己資本利益率（％）"": {""2021年8月"": 24.3, ""2022年8月"": 15.1, ""2023年8月"": 13.1, ""2024年8月"": 12.5}}]"	東証グロース	サービス業	B	1480	1510.0			1480.0	1510.0	樺山 玄基（上場時41歳1カ月）／1984年生	41	2004	59	3	20000000	4204000	1614600	永代供養墓の建立に係る石材費や工事費	97.3	0.3	0	0.0	0.3	0.0	0.0	"樺山伸一	代表取締役の血族	2400000	58.4
(株)ｴｰｼﾞｰｱｲ	役員らが議決権の過半数所有	1200000	29.2
樺山玄基	代表取締役社長	400000	9.7
森英之	監査役	18000	0.4
山本守	元取締役	15000	0.4
田中佑治	取締役	11700	0.3
匿名1	従業員	6000	0.1
(株)エータイ	自己新株予約権	5250	0.1
匿名2	従業員	5000	0.1
匿名3	従業員	4000	0.1"	産業	工学・建設	16900000	-1.0	-1.0	-1	-1	-1	-1	-1	-1	-1	2025
北里コーポレーション	1.1	1.1	2025/06/25	"-1
-1
-1
-1
-0.01"	100.0	14.3	55.5	48800000000	0.721	0.0	87.0	13.0	不妊治療に関する医療機器などの製造販売	18	368A	35.0	12.29	https://www.ipokiso.com/company/2025/kitazato.html	https://irbank.net/368A/ir	https://disclosure2dl.edinet-fsa.go.jp/searchdocument/pdf/S100VSYZ.pdf	https://www.kitazato.co.jp/ja/	"売上高（百万円）	6766	8140	9348	10080
経常利益（百万円）	3586	4474	5117	5995
当期純利益（百万円）	2354	2952	3370	3972
1株あたりの純利益（円）	11773455	14763498	84	99
自己資本比率（％）	92.5	87.4	90.9	89.9
自己資本利益率（％）	26.0	27.5	25.9	26.4
経常利益率（％）	53.0	55.0	54.7	59.5"	"None	20%	15%	8%
None	25%	14%	17%
None	25%	14%	18%
None	25%	-100%	18%
None	-6%	4%	-1%
None	6%	-6%	2%
None	None	None	None"	北里コーポレーション（368A）は、「不妊治療に関する医療機器などの製造販売」を主な事業としています。『Cryotop』や『キタザトETカテーテル』、卵子・受精卵凍結用試薬を病院・クリニックに販売しています。卵子ガラス固化法による卵子の保存は受精率が高く、同社のCryotopは高い評価を受けています。国内だけでなく、海外110か国で販売するために約80社の代理店を有し、世界シェアの拡大を狙っています。	"[{""株主名"": ""北里商事（株）"", ""比率"": 58.5, ""ロックアップ"": ""180日間"", ""isCEO"": false}, {""株主名"": ""井上 太綬（社長）"", ""比率"": 35.0, ""ロックアップ"": ""180日間"", ""isCEO"": true}, {""株主名"": ""Ｈ＆Ｆパートナーズ（株）"", ""比率"": 4.5, ""ロックアップ"": ""180日間"", ""isCEO"": false}, {""株主名"": ""ナレツジイラア（株）"", ""比率"": 2.0, ""ロックアップ"": """", ""isCEO"": false}]"	"[{""売上高（百万円）"": {""2021年3月"": 6766.0, ""2022年3月"": 8140.0, ""2023年3月"": 9348.0, ""2024年3月"": 10080.0}}, {""経常利益（百万円）"": {""2021年3月"": 3586.0, ""2022年3月"": 4474.0, ""2023年3月"": 5117.0, ""2024年3月"": 5995.0}}, {""当期純利益（百万円）"": {""2021年3月"": 2354.0, ""2022年3月"": 2952.0, ""2023年3月"": 3370.0, ""2024年3月"": 3972.0}}, {""純資産額（百万円）"": {""2021年3月"": 9742.0, ""2022年3月"": 11694.0, ""2023年3月"": 14087.0, ""2024年3月"": 16060.0}}, {""1株あたりの純資産額（円）"": {""2021年3月"": 48710973.0, ""2022年3月"": 58474159.0, ""2023年3月"": 352.0, ""2024年3月"": 402.0}}, {""1株あたりの純利益（円）"": {""2021年3月"": 11773455.0, ""2022年3月"": 14763498.0, ""2023年3月"": 84.0, ""2024年3月"": 99.0}}, {""自己資本比率（％）"": {""2021年3月"": 92.5, ""2022年3月"": 87.4, ""2023年3月"": 90.9, ""2024年3月"": 89.9}}, {""自己資本利益率（％）"": {""2021年3月"": 26.0, ""2022年3月"": 27.5, ""2023年3月"": 25.9, ""2024年3月"": 26.4}}]"	東証プライム	精密機器	A	1220	1340.0			1300.0	1340.0	井上 太綬（上場時54歳7カ月）／1970年生	55	2007	78	4	10000000	40000000	16100000	-	100.0	0.0	0	0.0	0.0	0.0	0.0	"北里商事(株)	社長の資産管理会社	23400000	58.5
井上太綬(戸籍名:太)	代表取締役社長	14000000	35.0
H&Fﾊﾟｰﾄﾅｰｽﾞ(株)	社長の親族の資産管理会社	1800000	4.5
ﾅﾚﾂｼﾞｲﾗｱ(株)	社長の親族の資産管理会社	800000	2.0"	ヘルスケア	医療機器・用品	28845600	-1.0	-1.0	-1	-1	-1	-1	-1	-1	-1	2025
プリモグローバルホールディングス	1.0	1.1	2025/06/24	"-1
-1
-1
-1
0.0"	4.2			19549864605	0.53	0.0	87.0	13.0	ブライダルジュエリーの企画・販売	5	367A		17.0	https://www.ipokiso.com/company/2025/primoghd.html	https://irbank.net/367A/ir	https://disclosure2dl.edinet-fsa.go.jp/searchdocument/pdf/S100VSKM.pdf	https://www.primoghd.co.jp/	"営業収益（百万円）	None	23471	24900	13404
税引前利益（百万円）	None	838	1714	1348
当期利益（百万円）	None	878	1150	1048
持分（百万円）	None	14390	15700	None
1株あたりの持分（円）	None	1645	1795	None
基本的1株当たり当期利益（円）	None	100	132	None
持分比率（％）	None	32	34	None
持分当期利益率（％）	None	6	7	None"	"None	None	6%	-46%
None	None	105%	-21%
None	None	31%	-9%
None	None	9%	None
None	None	9%	None
None	None	32%	None
None	None	6%	None
None	None	20%	None"	プリモグローバルホールディングス（367A）は、「ブライダルジュエリーの企画・販売」を主な事業としています。自社ブランドの『I-PRIMO』と『LAZARE DIAMOND』は国内外で計127店舗、提携ブランドの『K.UNO』と『STAR JEWELRY』は中国・台湾で計7店舗、合計134店舗を展開中です。それぞれブランドイメージやコンセプト、価格を差別化することで幅広い層へアプローチしています。『I-PRIMO』と『LAZARE DIAMOND』では、200種類以上のデザインから選べる「セレクトオーダースタイル」での販売を実施しており、世界に一つのリングとして注文してから生産・加工するため、完成品在庫を抱えないビジネスモデルが特徴です。	"[{""株主名"": ""プリモ・インテグラル２投資事業有限責任組合"", ""比率"": 75.27, ""ロックアップ"": ""180日間"", ""isCEO"": false}, {""株主名"": ""Innovation Alpha Primo L.P．"", ""比率"": 11.94, ""ロックアップ"": ""180日間"", ""isCEO"": false}, {""株主名"": ""澤野 直樹（社長）"", ""比率"": 2.73, ""ロックアップ"": ""180日間"", ""isCEO"": true}, {""株主名"": ""プリモ・インテグラル１投資事業有限責任組合"", ""比率"": 2.7, ""ロックアップ"": ""180日間"", ""isCEO"": false}, {""株主名"": ""藤江 秀一"", ""比率"": 1.09, ""ロックアップ"": ""180日間"", ""isCEO"": false}, {""株主名"": ""田邊 健一"", ""比率"": 0.55, ""ロックアップ"": ""継続保有"", ""isCEO"": false}, {""株主名"": ""沖 康輔"", ""比率"": 0.45, ""ロックアップ"": ""継続保有"", ""isCEO"": false}, {""株主名"": ""執行役員及び従業員"", ""比率"": 0.36, ""ロックアップ"": ""継続保有"", ""isCEO"": false}, {""株主名"": ""谷本 有輝典"", ""比率"": 0.36, ""ロックアップ"": ""継続保有"", ""isCEO"": false}, {""株主名"": ""宮田 智崇"", ""比率"": 0.36, ""ロックアップ"": ""継続保有"", ""isCEO"": false}]"	"[{""営業収益（百万円）"": {""2022年\n8月"": null, ""2023年\n8月"": 23471.0, ""2024年\n8月"": 24900.0, ""2025年8月（第2四半期）"": 13404.0}}, {""税引前利益（百万円）"": {""2022年\n8月"": null, ""2023年\n8月"": 838.0, ""2024年\n8月"": 1714.0, ""2025年8月（第2四半期）"": 1348.0}}, {""当期利益（百万円）"": {""2022年\n8月"": null, ""2023年\n8月"": 878.0, ""2024年\n8月"": 1150.0, ""2025年8月（第2四半期）"": 1048.0}}, {""持分（百万円）"": {""2022年\n8月"": null, ""2023年\n8月"": 14390.0, ""2024年\n8月"": 15700.0, ""2025年8月（第2四半期）"": null}}, {""1株あたりの持分（円）"": {""2022年\n8月"": null, ""2023年\n8月"": 1645.0, ""2024年\n8月"": 1795.0, ""2025年8月（第2四半期）"": null}}, {""基本的1株当たり当期利益（円）"": {""2022年\n8月"": null, ""2023年\n8月"": 100.0, ""2024年\n8月"": 132.0, ""2025年8月（第2四半期）"": null}}, {""持分比率（％）"": {""2022年\n8月"": null, ""2023年\n8月"": 32.5, ""2024年\n8月"": 34.6, ""2025年8月（第2四半期）"": null}}, {""持分当期利益率（％）"": {""2022年\n8月"": null, ""2023年\n8月"": 6.1, ""2024年\n8月"": 7.3, ""2025年8月（第2四半期）"": null}}]"	東証スタンダード	小売業	A	2235	2150.0			2060.0	2150.0	沢野 直樹（上場時53歳8カ月）／1971年生	54	2020	3	5	100000000	8747143	7436800	-	2.7	1.5	0	0.0	0.0	89.9	0.0	"ﾌﾟﾘﾓ･ｲﾝﾃｸﾞﾗﾙ2投組	投資業(ﾌｧﾝﾄﾞ)	7235348	75.3
Innovation Alpha Primo L.P.	投資業(ﾌｧﾝﾄﾞ)	1147565	11.9
沢野直樹	代表取締役社長など	262413	2.7
ﾌﾟﾘﾓ･ｲﾝﾃｸﾞﾗﾙ1投組	投資業(ﾌｧﾝﾄﾞ)	259265	2.7
藤江秀一	取締役など	104965	1.1
田辺健一	子会社の役員など	52482	0.6
沖康輔	子会社の役員など	43735	0.5
匿名	子会社の執行役員および従業員	34988	0.4
谷本有輝典	子会社の役員など	34988	0.4
宮田智崇	子会社の役員など	34988	0.4
津田照朝	子会社の役員など	34988	0.4
佐田大輔	子会社の役員など	34988	0.4"	消費者循環	高級品	4635600	-1.0	-1.0	-1	-1	-1	-1	-1	-1	-1	2025
ウェルネス・コミュニケーションズ	1.0	1.2	2025/06/23	"-1
-1
-1
-1
-0.01"	3.9	17.0	7.1	14695590000	2.957	31.9	55.1	13.0	健康管理SaaSなどを用いたヘルスデータプラットフォームおよびソリューション事業	19	366A		21.6	https://www.ipokiso.com/company/2025/wellcoms.html	https://irbank.net/366A/ir	https://disclosure2dl.edinet-fsa.go.jp/searchdocument/pdf/S100VS29.pdf	https://wellcoms.jp/	"売上高（百万円）	8302	9292	10748	13267
経常利益（百万円）	542	657	812	955
当期純利益（百万円）	371	443	560	680
1株あたりの純利益（円）	13625	81	103	125
自己資本比率（％）	54.2	60.5	60.5	62.2
自己資本利益率（％）	24.8	25.0	26.0	25.9
経常利益率（％）	6.5	7.1	7.6	7.2"	"None	12%	16%	23%
None	21%	24%	18%
None	19%	26%	21%
None	-99%	27%	21%
None	12%	0%	3%
None	1%	4%	-0%
None	None	None	None"	ウェルネス・コミュニケーションズ（366A）は、「健康管理SaaSなどを用いたヘルスデータプラットフォームおよびソリューション事業」を主な事業としています。健康診断用プラットフォーム『i-Wellness』により、健康診断の予約、清算代行、診断結果のデータ化をワンストップで提供しています。またクラウドサービス『Growbase』では、健康診断結果と就労データ、ストレスチェックデータなど心と身体に関するデータを一元管理できるので、健康診断後のフォローに活用されています。	"[{""株主名"": ""SOMPOホールディングス㈱"", ""比率"": 42.47, ""ロックアップ"": ""180日間"", ""isCEO"": false}, {""株主名"": ""LHP Holdings,L.P."", ""比率"": 37.94, ""ロックアップ"": ""180日間"", ""isCEO"": false}, {""株主名"": ""㈱アドバンテッジ リスク マネジメント"", ""比率"": 4.63, ""ロックアップ"": ""90日間"", ""isCEO"": false}, {""株主名"": ""㈱ベルシステム24ホールディングス"", ""比率"": 3.43, ""ロックアップ"": ""90日間"", ""isCEO"": false}, {""株主名"": ""伊藤忠商事㈱"", ""比率"": 2.87, ""ロックアップ"": ""90日間"", ""isCEO"": false}, {""株主名"": ""松田 泰秀（社長）"", ""比率"": 2.72, ""ロックアップ"": ""90日間"", ""isCEO"": true}, {""株主名"": ""伊藤忠テクノソリューションズ㈱"", ""比率"": 1.2, ""ロックアップ"": ""90日間"", ""isCEO"": false}, {""株主名"": ""佐々木 雅之"", ""比率"": 0.68, ""ロックアップ"": ""90日間"", ""isCEO"": false}, {""株主名"": ""委任型執行役員"", ""比率"": 0.51, ""ロックアップ"": ""継続保有"", ""isCEO"": false}, {""株主名"": ""従業員"", ""比率"": 0.51, ""ロックアップ"": ""90日間"", ""isCEO"": false}]"	"[{""売上高（百万円）"": {""2021年3月"": 8302.0, ""2022年3月"": 9292.0, ""2023年3月"": 10748.0, ""2024年3月"": 13267.0}}, {""経常利益（百万円）"": {""2021年3月"": 542.0, ""2022年3月"": 657.0, ""2023年3月"": 812.0, ""2024年3月"": 955.0}}, {""当期純利益（百万円）"": {""2021年3月"": 371.0, ""2022年3月"": 443.0, ""2023年3月"": 560.0, ""2024年3月"": 680.0}}, {""純資産額（百万円）"": {""2021年3月"": 1608.0, ""2022年3月"": 1940.0, ""2023年3月"": 2367.0, ""2024年3月"": 2886.0}}, {""1株あたりの純資産額（円）"": {""2021年3月"": 59046.0, ""2022年3月"": 356.0, ""2023年3月"": 435.0, ""2024年3月"": 529.0}}, {""1株あたりの純利益（円）"": {""2021年3月"": 13625.0, ""2022年3月"": 81.0, ""2023年3月"": 103.0, ""2024年3月"": 125.0}}, {""自己資本比率（％）"": {""2021年3月"": 54.2, ""2022年3月"": 60.5, ""2023年3月"": 60.5, ""2024年3月"": 62.2}}, {""自己資本利益率（％）"": {""2021年3月"": 24.8, ""2022年3月"": 25.0, ""2023年3月"": 26.0, ""2024年3月"": 25.9}}]"	東証グロース	サービス業	A	2450	2480.0			2450.0	2480.0	松田 泰秀（上場時50歳2カ月）／1975年生	50	2006	121	6	408615000	5998200	1724500	システム開発費、人材採用・採用経費、システム利用費	2.7	1.2	0	0.0	0.5	0.0	0.0	"SOMPOﾎｰﾙﾃﾞｨﾝｸﾞｽ(株)	その他の関係会社	2500800	42.5
LHP Holdings,L.P.	その他の関係会社	2233700	37.9
(株)ｱﾄﾞﾊﾞﾝﾃｯｼﾞﾘｽｸﾏﾈｼﾞﾒﾝﾄ	販売代理店	272400	4.6
(株)ﾍﾞﾙｼｽﾃﾑ24ﾎｰﾙﾃﾞｨﾝｸﾞｽ	特別利害関係者など	201700	3.4
伊藤忠商事(株)	元親会社	168900	2.9
松田泰秀	代表取締役社長	160000	2.7
伊藤忠ﾃｸﾉｿﾘｭｰｼｮﾝｽﾞ(株)	販売代理店	70700	1.2
佐々木雅之	取締役	40000	0.7
匿名1	委任型執行役員	30000	0.5
匿名2	従業員	30000	0.5"	ヘルスケア	健康情報サービス	17739300	-1.0	-1.0	-1	-1	-1	-1	-1	-1	-1	2025
伊澤タオル	1.0	1.1	2025/06/20	"-1
-1
-1
-1
-0.02"	25.0	12246.3	136.4	7000000000	2.372	0.0	87.0	13.0	タオル製品などの企画・製造および販売	4	365A		12.1	https://www.ipokiso.com/company/2025/izawa-towel.html	https://irbank.net/365A/ir	https://disclosure2dl.edinet-fsa.go.jp/searchdocument/pdf/S100VS27.pdf	https://www.izawa-towel.com/	"売上高（百万円）	25	9208	9939	9825
経常利益（百万円）	129	174	1772	980
当期純利益（百万円）	130	244	1103	579
1株あたりの純利益（円）	12962	24390	110	58
自己資本比率（％）	39.5	37.2	43.5	46.3
自己資本利益率（％）	None	8.9	32.4	14.8
経常利益率（％）	516.0	1.9	17.8	10.0"	"None	36732%	8%	-1%
None	35%	918%	-45%
None	88%	352%	-48%
None	88%	-100%	-47%
None	-6%	17%	6%
None	None	264%	-54%
None	None	None	None"	伊澤タオル（365A）は、「タオル製品などの企画・製造および販売」を主な事業としています。自社ブランド『タオル研究所』は、無地のタオルだけでなくディズニーキャラクターやサンリオキャラクターなどのキャラクタータオルも好評で、2024年には累計販売数2,000万枚を突破しています。自社工場を持たずに協力工場に製造を委託しているのが特徴で、製造するタオルに応じた工場を選定することで効率的な生産を実現しているようです。	"[{""株主名"": ""ジャフコＳＶ６投資事業有限責任組合"", ""比率"": 57.53, ""ロックアップ"": ""180日間"", ""isCEO"": false}, {""株主名"": ""伊澤キャピタルパートナーズ合同会社"", ""比率"": 23.97, ""ロックアップ"": ""180日間"", ""isCEO"": false}, {""株主名"": ""ジャフコＳＶ６－Ｓ投資事業有限責任組合"", ""比率"": 14.38, ""ロックアップ"": ""180日間"", ""isCEO"": false}, {""株主名"": ""國元 恵子"", ""比率"": 0.37, ""ロックアップ"": ""180日間"", ""isCEO"": false}, {""株主名"": ""甫天 和宏"", ""比率"": 0.23, ""ロックアップ"": ""180日間"", ""isCEO"": false}, {""株主名"": ""従業員"", ""比率"": 0.21, ""ロックアップ"": """", ""isCEO"": false}, {""株主名"": ""三好 拓人"", ""比率"": 0.19, ""ロックアップ"": ""180日間"", ""isCEO"": false}, {""株主名"": ""従業員"", ""比率"": 0.19, ""ロックアップ"": """", ""isCEO"": false}, {""株主名"": ""藤田 有香"", ""比率"": 0.17, ""ロックアップ"": ""180日間"", ""isCEO"": false}, {""株主名"": ""従業員"", ""比率"": 0.16, ""ロックアップ"": """", ""isCEO"": false}]"	"[{""売上高（百万円）"": {""2022年2月"": 25.0, ""2023年2月"": 9208.0, ""2024年2月"": 9939.0, ""2025年2月"": 9825.0}}, {""経常利益（百万円）"": {""2022年2月"": 129.0, ""2023年2月"": 174.0, ""2024年2月"": 1772.0, ""2025年2月"": 980.0}}, {""当期純利益（百万円）"": {""2022年2月"": 130.0, ""2023年2月"": 244.0, ""2024年2月"": 1103.0, ""2025年2月"": 579.0}}, {""純資産額（百万円）"": {""2022年2月"": 2609.0, ""2023年2月"": 2853.0, ""2024年2月"": 3956.0, ""2025年2月"": 3882.0}}, {""1株あたりの純資産額（円）"": {""2022年2月"": 260894.0, ""2023年2月"": 285284.0, ""2024年2月"": 396.0, ""2025年2月"": 388.0}}, {""1株あたりの純利益（円）"": {""2022年2月"": 12962.0, ""2023年2月"": 24390.0, ""2024年2月"": 110.0, ""2025年2月"": 58.0}}, {""自己資本比率（％）"": {""2022年2月"": 39.5, ""2023年2月"": 37.2, ""2024年2月"": 43.5, ""2025年2月"": 46.3}}, {""自己資本利益率（％）"": {""2022年2月"": null, ""2023年2月"": 8.9, ""2024年2月"": 32.4, ""2025年2月"": 14.8}}]"	東証スタンダード	繊維製品	B	700	750.0	850.0	765.0	700.0	750.0	伊沢 正司（上場時60歳5カ月）／1964年生	61	2021	79	3	30000000	10000000	5750000	-	24.0	1.0	0	0.0	0.6	71.9	0.0	"ｼﾞｬﾌｺSV6投組	投資業(ﾌｧﾝﾄﾞ)	6000000	57.5
伊沢ｷｬﾋﾟﾀﾙﾊﾟｰﾄﾅｰｽﾞ(同)	代表取締役社長の資産管理会社	2500000	24.0
ｼﾞｬﾌｺSV6-S投組	投資業(ﾌｧﾝﾄﾞ)	1500000	14.4
国元恵子	取締役	39000	0.4
甫天和宏	取締役	24000	0.2
匿名1	従業員	22000	0.2
三好拓人	取締役CFO	20000	0.2
匿名2	従業員	20000	0.2
藤田有香	取締役	18000	0.2
匿名3	従業員	17000	0.2"	Unknown	Unknown	23722000	-1.0	-1.0	-1	-1	-1	-1	-1	-1	-1	2025
エレベーターコミュニケーションズ			2025/04/25		78.0	11.6	2.6	1599904000	-0.0	41.7	45.3	12.9	エレベーター・エスカレーターなど昇降機設備の保守、管理およびリニューアル	19	353A	18.05	21.52	https://www.ipokiso.com/company/2025/evcom.html	https://irbank.net/353A/ir	https://disclosure2dl.edinet-fsa.go.jp/searchdocument/pdf/S100VG72.pdf	https://www.evcom.co.jp/	"売上高（百万円）	2371	2556	2787	3291
経常利益（百万円）	72	13	76	138
当期純利益（百万円）	23	24	26	74
1株あたりの純利益（円）	487	515	27	78
自己資本比率（％）	1.5	0.1	2.2	7.7
自己資本利益率（％）	61.4	177.3	178.6	114.8
経常利益率（％）	3.0	0.5	2.7	4.2"	"None	8%	9%	18%
None	-82%	485%	82%
None	4%	8%	185%
None	6%	-95%	189%
None	-93%	2100%	250%
None	189%	1%	-36%
None	None	None	None"	エレベーターコミュニケーションズ（353A）は、「エレベーター・エスカレーターなど昇降機設備の保守、管理およびリニューアル」を主な事業としています。「高品質のメンテナンスサービス」をモットーとし、2006年の設立以来無事故を継続中です。独自サービスであるQRコード「Qサポ」により、利用者が直接技術員とやりとりすることで、迅速な対応を実現しています。	"[{""株主名"": ""そらしづ（株）"", ""比率"": 46.28, ""ロックアップ"": ""180日間"", ""isCEO"": false}, {""株主名"": ""薄田 章博（社長）"", ""比率"": 18.05, ""ロックアップ"": ""180日間"", ""isCEO"": true}, {""株主名"": ""村石 誠司"", ""比率"": 4.67, ""ロックアップ"": ""180日間"", ""isCEO"": false}, {""株主名"": ""六日市 拓也"", ""比率"": 3.89, ""ロックアップ"": ""180日間"", ""isCEO"": false}, {""株主名"": ""こたろう（株）"", ""比率"": 3.15, ""ロックアップ"": ""180日間"", ""isCEO"": false}, {""株主名"": ""大久保 圭太"", ""比率"": 2.83, ""ロックアップ"": ""180日間"", ""isCEO"": false}, {""株主名"": ""杉山 央"", ""比率"": 2.24, ""ロックアップ"": """", ""isCEO"": false}, {""株主名"": ""向江 弘徳"", ""比率"": 2.24, ""ロックアップ"": """", ""isCEO"": false}, {""株主名"": ""渡邊 和則"", ""比率"": 1.85, ""ロックアップ"": ""180日間"", ""isCEO"": false}, {""株主名"": ""上田 健一"", ""比率"": 1.0, ""ロックアップ"": ""180日間"", ""isCEO"": false}]"	"[{""売上高（百万円）"": {""2021年5月"": 2371.0, ""2022年5月"": 2556.0, ""2023年5月"": 2787.0, ""2024年5月"": 3291.0}}, {""経常利益（百万円）"": {""2021年5月"": 72.0, ""2022年5月"": 13.0, ""2023年5月"": 76.0, ""2024年5月"": 138.0}}, {""当期純利益（百万円）"": {""2021年5月"": 23.0, ""2022年5月"": 24.0, ""2023年5月"": 26.0, ""2024年5月"": 74.0}}, {""純資産額（百万円）"": {""2021年5月"": 27.0, ""2022年5月"": 3.0, ""2023年5月"": 29.0, ""2024年5月"": 103.0}}, {""1株あたりの純資産額（円）"": {""2021年5月"": 548.0, ""2022年5月"": 33.0, ""2023年5月"": 29.0, ""2024年5月"": 107.0}}, {""1株あたりの純利益（円）"": {""2021年5月"": 487.0, ""2022年5月"": 515.0, ""2023年5月"": 27.0, ""2024年5月"": 78.0}}, {""自己資本比率（％）"": {""2021年5月"": 1.5, ""2022年5月"": 0.1, ""2023年5月"": 2.2, ""2024年5月"": 7.7}}, {""自己資本利益率（％）"": {""2021年5月"": 61.4, ""2022年5月"": 177.3, ""2023年5月"": 178.6, ""2024年5月"": 114.8}}]"	札証アンビシャス	サービス業	C	1600	1700.0	1850.0	2200.0	1600.0	1700.0	薄田 章博（上場時54歳3カ月）／1971年生	54	2006	219	79	67090000	999940	119800	運転資金	72.2	5.8	0	0.0	0.0	0.0	0.0	"そらしづ(株)	役員らが議決権の過半数所有	500000	46.3
薄田章博	代表取締役社長	195000	18.1
村石誠司	取締役副社長	50400	4.7
六日市拓也	取締役	42000	3.9
こたろう(株)	役員らが議決権の過半数所有	34000	3.1
大久保圭太	特別利害関係者など	30600	2.8
杉山央	-	24200	2.2
向江弘徳	-	24200	2.2
渡辺和則	取締役	20000	1.9
上田健一	監査役	10800	1.0
村元裕	特別利害関係者など	8000	0.7
末岡由紀	特別利害関係者など	8000	0.7
ｴﾚｺﾐ従業員持株会	特別利害関係者など	8000	0.7"			-1	-1.0	-1.0	-1	-1	-1	-1	-1	-1	-1	2025
LIFE CREATE	1.0	1.3	2025/04/24	"-1
-1
-1
-1
-0.05"	65.7	23.6	7.0	17331429720	0.733	22.0	64.9	13.0	ブティック型フィットネススタジオの運営	17	352A	39.68	47.71	https://www.ipokiso.com/company/2025/lifecreate.html	https://irbank.net/352A/ir	https://disclosure2dl.edinet-fsa.go.jp/searchdocument/pdf/S100VFRT.pdf	https://be-lifecreate.com/	"売上高（百万円）	3309	4237	4839	6218
経常利益（百万円）	204	124	390	669
当期純利益（百万円）	296	176	93	363
1株あたりの純利益（円）	86	51	8	30
自己資本比率（％）	5.3	4.5	12.8	21.5
自己資本利益率（％）	None	None	26.8	43.8
経常利益率（％）	6.2	2.9	8.1	10.8"	"None	28%	14%	28%
None	-39%	215%	72%
None	-41%	-47%	290%
None	-41%	-84%	275%
None	-15%	184%	68%
None	None	None	63%
None	None	None	None"	LIFE CREATE[ライフ クリエイト]（352A）は、「ブティック型フィットネススタジオの運営」を主な事業としています。ホットヨガ・ピラティスなど、女性向けのブティックスタジオを「小規模×グループレッスン形式」で展開しており、少額の初期投資と店舗運営の効率化で出店数を増やしています。	"[{""株主名"": ""前川 彩香（社長）"", ""比率"": 39.68, ""ロックアップ"": ""180日間"", ""isCEO"": true}, {""株主名"": ""（株）Ayaka"", ""比率"": 23.47, ""ロックアップ"": ""180日間"", ""isCEO"": false}, {""株主名"": ""（株）アカツキ"", ""比率"": 13.37, ""ロックアップ"": ""180日間\n1.5倍"", ""isCEO"": false}, {""株主名"": ""XTech2号投資事業有限責任組合"", ""比率"": 4.18, ""ロックアップ"": ""180日間\n1.5倍"", ""isCEO"": false}, {""株主名"": ""清水 敬太"", ""比率"": 2.48, ""ロックアップ"": ""180日間"", ""isCEO"": false}, {""株主名"": ""佐藤 俊介"", ""比率"": 2.19, ""ロックアップ"": ""180日間\n1.5倍"", ""isCEO"": false}, {""株主名"": ""ロッテベンチャーズ・ジャパン投資事業有限責任組合"", ""比率"": 2.01, ""ロックアップ"": ""180日間\n1.5倍"", ""isCEO"": false}, {""株主名"": ""三菱UFJキャピタル9号投資事業有限責任組合"", ""比率"": 1.93, ""ロックアップ"": ""180日間\n1.5倍"", ""isCEO"": false}, {""株主名"": ""MTGV投資事業有限責任組合"", ""比率"": 1.04, ""ロックアップ"": ""180日間\n1.5倍"", ""isCEO"": false}, {""株主名"": ""（株）ポーラ・オルビスホールディングス"", ""比率"": 1.04, ""ロックアップ"": ""180日間\n1.5倍"", ""isCEO"": false}]"	"[{""売上高（百万円）"": {""2021年3月"": 3309.0, ""2022年3月"": 4237.0, ""2023年3月"": 4839.0, ""2024年3月"": 6218.0}}, {""経常利益（百万円）"": {""2021年3月"": 204.0, ""2022年3月"": 124.0, ""2023年3月"": 390.0, ""2024年3月"": 669.0}}, {""当期純利益（百万円）"": {""2021年3月"": 296.0, ""2022年3月"": 176.0, ""2023年3月"": 93.0, ""2024年3月"": 363.0}}, {""純資産額（百万円）"": {""2021年3月"": 230.0, ""2022年3月"": 173.0, ""2023年3月"": 523.0, ""2024年3月"": 1136.0}}, {""1株あたりの純資産額（円）"": {""2021年3月"": 74.0, ""2022年3月"": 90.0, ""2023年3月"": 24.0, ""2024年3月"": 14.0}}, {""1株あたりの純利益（円）"": {""2021年3月"": 86.0, ""2022年3月"": 51.0, ""2023年3月"": 8.0, ""2024年3月"": 30.0}}, {""自己資本比率（％）"": {""2021年3月"": 5.3, ""2022年3月"": 4.5, ""2023年3月"": 12.8, ""2024年3月"": 21.5}}, {""自己資本利益率（％）"": {""2021年3月"": null, ""2022年3月"": null, ""2023年3月"": 26.8, ""2024年3月"": 43.8}}]"	東証グロース	サービス業	-	1320						前川 彩香（上場時46歳4カ月）／1978年生	47	2008	820	19	394997000	13129871	3631200	ピラティスKなどの新規出店費用	65.7	0.0	0	0.0	0.0	9.1	0.0	"前川彩香	代表取締役社長	5430219	39.7
(株)Ayaka	社長の資産管理会社	3211800	23.5
(株)ｱｶﾂｷ	特別利害関係者など	1829568	13.4
XTech2号投組	投資業(ﾌｧﾝﾄﾞ)	571428	4.2
清水敬太	取締役副社長CFO	339141	2.5
佐藤俊介	特別利害関係者など	300000	2.2
ﾛｯﾃﾍﾞﾝﾁｬｰｽﾞ･ｼﾞｬﾊﾟﾝ投組	投資業(ﾌｧﾝﾄﾞ)	275598	2.0
三菱UFJｷｬﾋﾟﾀﾙ9号投組	投資業(ﾌｧﾝﾄﾞ)	264705	1.9
MTGV投組	投資業(ﾌｧﾝﾄﾞ)	142857	1.0
(株)ﾎﾟｰﾗ･ｵﾙﾋﾞｽﾎｰﾙﾃﾞｨﾝｸﾞｽ	特別利害関係者など	142857	1.0"	消費者循環	レジャー	9630100	-1.0	-1.0	-1	-1	-1	-1	-1	-1	-1	2025
デジタルグリッド	2.1	2.4	2025/04/22	"-1
-1
-1
-1
0.12"	15.2	243.7	22.3	28257681000	4.427	11.9	75.1	13.0	電力および環境価値取引プラットフォーム『DGP（デジタルグリッドプラットフォーム）』の運営、分散型電源のアグリケーションサービスおよび脱炭素関連学習コンテンツの提供	8	350A		29.06	https://www.ipokiso.com/company/2025/digitalgrid.html	https://irbank.net/350A/ir	https://disclosure2dl.edinet-fsa.go.jp/searchdocument/pdf/S100VF5C.pdf	https://www.digitalgrid.com/	"売上高（百万円）	177	1210	1691	3515
経常利益（百万円）	43	36	443	1253
当期純利益（百万円）	125	26	657	972
1株あたりの純利益（円）	248	47	111	164
自己資本比率（％）	50.9	75.4	54.6	36.8
自己資本利益率（％）	None	1.5	22.4	26.0
経常利益率（％）	24.3	3.0	26.2	35.6"	"None	584%	40%	108%
None	-16%	1131%	183%
None	-79%	2427%	48%
None	-81%	136%	48%
None	48%	-28%	-33%
None	None	1393%	16%
None	None	None	None"	デジタルグリッド（350A）は、「電力および環境価値取引プラットフォーム『DGP（デジタルグリッドプラットフォーム）』の運営、分散型電源のアグリケーションサービスおよび脱炭素関連学習コンテンツの提供」を主な事業としています。DGP（デジタルグリッドプラットフォーム）は、ユーザーが発電家から直接電力を購入できる仕組みで、「電力取引のメルカリ」と表現されることもあります。電力小売りを介さずに、カスタマイズ性の高い電力の直接取引を可能にしています。	"[{""株主名"": ""㈱東芝"", ""比率"": 11.27, ""ロックアップ"": ""180日間"", ""isCEO"": false}, {""株主名"": ""WiL Fund Ⅱ L.P."", ""比率"": 9.02, ""ロックアップ"": ""180日間"", ""isCEO"": false}, {""株主名"": ""豊田 祐介（社長）"", ""比率"": 7.7, ""ロックアップ"": ""180日間"", ""isCEO"": true}, {""株主名"": ""三菱商事㈱"", ""比率"": 4.65, ""ロックアップ"": """", ""isCEO"": false}, {""株主名"": ""フーバー・インベストメント㈱"", ""比率"": 4.51, ""ロックアップ"": ""180日間"", ""isCEO"": false}, {""株主名"": ""㈱FD"", ""比率"": 4.51, ""ロックアップ"": ""180日間"", ""isCEO"": false}, {""株主名"": ""近清 拓馬"", ""比率"": 4.24, ""ロックアップ"": ""180日間"", ""isCEO"": false}, {""株主名"": ""合同会社OTS"", ""比率"": 3.38, ""ロックアップ"": ""180日間"", ""isCEO"": false}, {""株主名"": ""東急不動産㈱"", ""比率"": 3.38, ""ロックアップ"": ""180日間"", ""isCEO"": false}, {""株主名"": ""嶋田 剛久"", ""比率"": 3.27, ""ロックアップ"": ""180日間"", ""isCEO"": false}]"	"[{""売上高（百万円）"": {""2021年\n7月"": 177.0, ""2022年7月"": 1210.0, ""2023年7月"": 1691.0, ""2024年7月"": 3515.0}}, {""経常利益（百万円）"": {""2021年\n7月"": 43.0, ""2022年7月"": 36.0, ""2023年7月"": 443.0, ""2024年7月"": 1253.0}}, {""当期純利益（百万円）"": {""2021年\n7月"": 125.0, ""2022年7月"": 26.0, ""2023年7月"": 657.0, ""2024年7月"": 972.0}}, {""純資産額（百万円）"": {""2021年\n7月"": 827.0, ""2022年7月"": 2599.0, ""2023年7月"": 3256.0, ""2024年7月"": 4228.0}}, {""1株あたりの純資産額（円）"": {""2021年\n7月"": 3109.0, ""2022年7月"": 2704.0, ""2023年7月"": 160.0, ""2024年7月"": 4.0}}, {""1株あたりの純利益（円）"": {""2021年\n7月"": 248.0, ""2022年7月"": 47.0, ""2023年7月"": 111.0, ""2024年7月"": 164.0}}, {""自己資本比率（％）"": {""2021年\n7月"": 50.9, ""2022年7月"": 75.4, ""2023年7月"": 54.6, ""2024年7月"": 36.8}}, {""自己資本利益率（％）"": {""2021年\n7月"": null, ""2022年7月"": 1.5, ""2023年7月"": 22.4, ""2024年7月"": 26.0}}]"	東証グロース	電気・ガス業	-	4570						豊田 祐介（上場時37歳8カ月）／1987年生	38	2017	70	69	50000000	6183300	2101000	系統用蓄電池設備などの設備投資	7.7	7.5	0	0.0	0.0	13.5	0.0	"(株)東芝	特別利害関係者など	833320	11.3
WiL Fund II L.P.	投資業(ﾌｧﾝﾄﾞ)	666660	9.0
豊田祐介	代表取締役社長CEO	569550	7.7
三菱商事(株)	特別利害関係者など	343880	4.7
ﾌｰﾊﾞｰ･ｲﾝﾍﾞｽﾄﾒﾝﾄ(株)	投資業(ﾌｧﾝﾄﾞ)	333330	4.5
(株)FD	特別利害関係者など	333330	4.5
近清拓馬	取締役COO	313730	4.2
(同)OTS	特別利害関係者など	250000	3.4
東急不動産(株)	特別利害関係者など	250000	3.4
嶋田剛久	取締役CFO	241550	3.3
川崎重工業(株)	特別利害関係者など	166660	2.2"	公共事業	再生可能エネルギー	27373000	0.11	-1.0	-1	-1	-1	-1	-1	-1	-1	2025
IACEトラベル	1.2	1.3	2025/04/07	"-1
-1
-1
-1
0.19"	58.4	64.6	24.8	4902800000	1.095	71.1	15.9	13.0	クラウド出張手配システム『Smart BTM』の運営および出張マネジメントサービスの提供を中心とする旅行事業	43	343A	32.37	14.22	https://www.ipokiso.com/company/2025/iace.html	https://irbank.net/343A/ir	https://disclosure2dl.edinet-fsa.go.jp/searchdocument/pdf/S100VBQ4.pdf	https://www.iace.co.jp/	"売上高（百万円）	732	634	1654	2421
経常利益（百万円）	200	276	178	428
当期純利益（百万円）	295	282	221	345
1株あたりの純利益（円）	155	148	58	91
自己資本比率（％）	66.4	58.0	51.4	57.8
自己資本利益率（％）	13.2	14.5	11.2	15.1
経常利益率（％）	27.3	43.5	10.8	17.7"	"None	-13%	161%	46%
None	38%	-36%	140%
None	-4%	-22%	56%
None	-5%	-61%	57%
None	-13%	-11%	12%
None	10%	-23%	35%
None	None	None	None"	IACEトラベル[アイエーシーイートラベル]（343A）は、「クラウド出張手配システム『Smart BTM』の運営および出張マネジメントサービスの提供を中心とする旅行事業」を主な事業としています。メインサービスのBTMは、主に法人向けサービスとして、国内・海外の出張手配をおこなっており、オンライン手配とオフライン手配の両方に対応しています。	"[{""株主名"": ""西澤 重治（社長）"", ""比率"": 32.37, ""ロックアップ"": ""180日間"", ""isCEO"": true}, {""株主名"": ""灰田 俊也"", ""比率"": 14.98, ""ロックアップ"": ""180日間"", ""isCEO"": false}, {""株主名"": ""ＩＡＣＥトラベル従業員持株会"", ""比率"": 12.5, ""ロックアップ"": """", ""isCEO"": false}, {""株主名"": ""横田 卓也"", ""比率"": 4.79, ""ロックアップ"": ""180日間"", ""isCEO"": false}, {""株主名"": ""浅生田 和人"", ""比率"": 3.75, ""ロックアップ"": ""180日間"", ""isCEO"": false}, {""株主名"": ""（株）ビジネスマネジメント"", ""比率"": 3.72, ""ロックアップ"": ""180日間"", ""isCEO"": false}, {""株主名"": ""岡部 将朋"", ""比率"": 2.48, ""ロックアップ"": ""180日間"", ""isCEO"": false}, {""株主名"": ""瀧上 大輔"", ""比率"": 2.08, ""ロックアップ"": ""180日間"", ""isCEO"": false}, {""株主名"": ""岡村 拓樹"", ""比率"": 2.08, ""ロックアップ"": ""180日間"", ""isCEO"": false}, {""株主名"": ""小原 竜雄"", ""比率"": 2.08, ""ロックアップ"": ""180日間"", ""isCEO"": false}]"	"[{""売上高（百万円）"": {""2021年3月"": 732.0, ""2022年3月"": 634.0, ""2023年3月"": 1654.0, ""2024年3月"": 2421.0}}, {""経常利益（百万円）"": {""2021年3月"": 200.0, ""2022年3月"": 276.0, ""2023年3月"": 178.0, ""2024年3月"": 428.0}}, {""当期純利益（百万円）"": {""2021年3月"": 295.0, ""2022年3月"": 282.0, ""2023年3月"": 221.0, ""2024年3月"": 345.0}}, {""純資産額（百万円）"": {""2021年3月"": 2087.0, ""2022年3月"": 1805.0, ""2023年3月"": 2099.0, ""2024年3月"": 2462.0}}, {""1株あたりの純資産額（円）"": {""2021年3月"": 1098.0, ""2022年3月"": 950.0, ""2023年3月"": 552.0, ""2024年3月"": 648.0}}, {""1株あたりの純利益（円）"": {""2021年3月"": 155.0, ""2022年3月"": 148.0, ""2023年3月"": 58.0, ""2024年3月"": 91.0}}, {""自己資本比率（％）"": {""2021年3月"": 66.4, ""2022年3月"": 58.0, ""2023年3月"": 51.4, ""2024年3月"": 57.8}}, {""自己資本利益率（％）"": {""2021年3月"": 13.2, ""2022年3月"": 14.5, ""2023年3月"": 11.2, ""2024年3月"": 15.1}}]"	東証スタンダード	サービス業	B	1030				980.0	1000.0	西沢 重治（上場時58歳2カ月）／1967年生	58	1982	119	33	80000000	4760000	1350900	システム開発費、広告宣伝費、人件費	36.1	22.3	0	0.0	6.3	0.0	0.0	"西沢重治	代表取締役社長執行役員	1242560	32.4
灰田俊也	取締役専務執行役員	575280	15.0
IACEﾄﾗﾍﾞﾙ従業員持株会	特別利害関係者など	480000	12.5
横田卓也	取締役上席執行役員	184000	4.8
浅生田和人	監査役	144000	3.8
(株)ﾋﾞｼﾞﾈｽﾏﾈｼﾞﾒﾝﾄ	役員らが議決権の過半数所有	142880	3.7
岡部将朋	同社または子会社の従業員、元執行役員	95280	2.5
瀧上大輔	同社または子会社の従業員	80000	2.1
岡村拓樹	同社または子会社の従業員	80000	2.1
小原竜雄	同社または子会社の従業員	80000	2.1"	消費者循環	旅行サービス	5210000	-1.0	-1.0	-1	-1	-1	-1	-1	-1	-1	2025
ジグザグ	1.8	1.8	2025/03/31	"-1
-1
-1
-1
0.23"	53.7	38.8	8.9	3427655600	3.203	39.2	47.7	13.0	海外カスタマー向け購入支援サービス『WorldShopping』および国内ECサイト向け越境EC支援サービス『WorldShoppingBIZ』の提供	10	340A	23.15	17.88	https://www.ipokiso.com/company/2025/zig-zag.html	https://irbank.net/340A/ir	https://disclosure2dl.edinet-fsa.go.jp/searchdocument/pdf/S100VAO8.pdf	https://www.zig-zag.co.jp/	"売上高（百万円）	414	560	802	1106
経常利益（百万円）	2	83	32	178
当期純利益（百万円）	4	87	48	163
1株あたりの純利益（円）	28	669	24	83
自己資本比率（％）	19.9	6.7	12.3	20.3
自己資本利益率（％）	3.8	None	74.5	96.2
経常利益率（％）	0.5	14.8	4.0	16.1"	"None	35%	43%	38%
None	4050%	-61%	456%
None	2075%	-45%	240%
None	2289%	-96%	246%
None	-66%	84%	65%
None	None	None	29%
None	None	None	None"	ジグザグ（340A）は、「海外カスタマー向け購入支援サービス『WorldShopping』および国内ECサイト向け越境EC支援サービス『WorldShoppingBIZ』の提供」を主な事業としています。「タグ一行で、越境ECまるごとサポート」を売りにする『WorldShoppingBIZ』は、注文受付から海外発送、カスタマーサポートまですべてお任せできます。	"[{""株主名"": ""MICイノベーション4号投資事業有限責任組合"", ""比率"": 27.8, ""ロックアップ"": ""90日間\n1.5倍"", ""isCEO"": false}, {""株主名"": ""仲里 一義（社長）"", ""比率"": 23.15, ""ロックアップ"": ""180日間"", ""isCEO"": true}, {""株主名"": ""仲里 亜美"", ""比率"": 13.12, ""ロックアップ"": ""180日間"", ""isCEO"": false}, {""株主名"": ""（株）Ｚカンパニー"", ""比率"": 10.5, ""ロックアップ"": ""180日間"", ""isCEO"": false}, {""株主名"": ""鈴木 賢"", ""比率"": 2.66, ""ロックアップ"": ""180日間"", ""isCEO"": false}, {""株主名"": ""木村 寿人"", ""比率"": 2.62, ""ロックアップ"": ""180日間"", ""isCEO"": false}, {""株主名"": ""松本 浩介"", ""比率"": 2.41, ""ロックアップ"": ""180日間"", ""isCEO"": false}, {""株主名"": ""今西 隆幸"", ""比率"": 2.27, ""ロックアップ"": ""180日間"", ""isCEO"": false}, {""株主名"": ""北村 康晃"", ""比率"": 1.93, ""ロックアップ"": ""180日間"", ""isCEO"": false}, {""株主名"": ""海老根 智仁"", ""比率"": 1.31, ""ロックアップ"": ""90日間\n1.5倍"", ""isCEO"": false}]"	"[{""売上高（百万円）"": {""2021年\n5月"": 414.0, ""2022年\n5月"": 560.0, ""2023年\n5月"": 802.0, ""2024年\n5月"": 1106.0}}, {""経常利益（百万円）"": {""2021年\n5月"": 2.0, ""2022年\n5月"": 83.0, ""2023年\n5月"": 32.0, ""2024年\n5月"": 178.0}}, {""当期純利益（百万円）"": {""2021年\n5月"": 4.0, ""2022年\n5月"": 87.0, ""2023年\n5月"": 48.0, ""2024年\n5月"": 163.0}}, {""純資産額（百万円）"": {""2021年\n5月"": 98.0, ""2022年\n5月"": 41.0, ""2023年\n5月"": 88.0, ""2024年\n5月"": 252.0}}, {""1株あたりの純資産額（円）"": {""2021年\n5月"": 983.0, ""2022年\n5月"": 1642.0, ""2023年\n5月"": 85.0, ""2024年\n5月"": 2.0}}, {""1株あたりの純利益（円）"": {""2021年\n5月"": 28.0, ""2022年\n5月"": 669.0, ""2023年\n5月"": 24.0, ""2024年\n5月"": 83.0}}, {""自己資本比率（％）"": {""2021年\n5月"": 19.9, ""2022年\n5月"": 6.7, ""2023年\n5月"": 12.3, ""2024年\n5月"": 20.3}}, {""自己資本利益率（％）"": {""2021年\n5月"": 3.8, ""2022年\n5月"": null, ""2023年\n5月"": 74.5, ""2024年\n5月"": 96.2}}]"	東証グロース	情報・通信業	B	1490	1500.0			1470.0	1500.0	仲里 一義（上場時50歳11カ月）／1974年生	51	2015	52	24	90000000	2300440	866400	プロダクト開発（人件費や販売促進費など）、事業開発（人件費や広告宣伝費、販売促進費など）	46.7	7.0	0	0.0	0.0	27.8	0.0	"MICｲﾉﾍﾞｰｼｮﾝ4号投組	投資業(ﾌｧﾝﾄﾞ)	635700	27.8
仲里一義	代表取締役	529350	23.1
仲里亜美	代表取締役の配偶者	300000	13.1
(株)Zｶﾝﾊﾟﾆｰ	役員らが議決権の過半数所有	240000	10.5
鈴木賢	取締役	60930	2.7
木村寿人	元取締役、従業員	59835	2.6
松本浩介	取締役	55050	2.4
今西隆幸	元取締役、従業員	51960	2.3
北村康晃	取締役	44040	1.9
海老根智仁	特別利害関係者など	30000	1.3
大谷寛	特別利害関係者など	30000	1.3
川田尚吾	特別利害関係者など	30000	1.3
小山太一	特別利害関係者など	30000	1.3
杉山全功	特別利害関係者など	30000	1.3"	産業	専門ビジネスサービス	7367500	-1.0	-1.0	-1	-1	-1	-1	-1	-1	-1	2025
トヨコー	2.9	3.7	2025/03/28	"0.12
-1
-1
-1
0.12"	49.0	6.1	28.5	9118620000	6.848	23.5	63.5	13.0	3層の樹脂をスプレーコーティングして強靭な屋根に蘇らせる『SOSEI』の施工及び老朽化したインフラのサビや塗膜等をレーザーで除去する『CoolLaser』の製造･販売	29	341A			https://www.ipokiso.com/company/2025/toyokoh.html	https://irbank.net/341A/ir	https://disclosure2dl.edinet-fsa.go.jp/searchdocument/pdf/S100VAO4.pdf	https://www.toyokoh.com/	"売上高（百万円）	921	1046	1117	1095
経常利益（百万円）	333	558	114	158
当期純利益（百万円）	356	898	115	158
1株あたりの純利益（円）	181	457	11	15
自己資本比率（％）	18.8	7.4	16.9	17.1
自己資本利益率（％）	None	None	None	None
経常利益率（％）	36.2	53.3	10.2	14.4"	"None	14%	7%	-2%
None	68%	-80%	39%
None	152%	-87%	37%
None	152%	-98%	36%
None	-61%	128%	1%
None	None	None	None
None	None	None	None"	トヨコー（341A）は、「3層の樹脂をスプレーコーティングして強靭な屋根に蘇らせる『SOSEI』の施工及び老朽化したインフラのサビや塗膜等をレーザーで除去する『CoolLaser』の製造･販売」を主な事業としています。『SOSEI』は工場や倉庫、『CoolLaser』は橋や鉄塔などのインフラ構造物のメンテナンスに使われています。特にインフラ構造物の老朽化は重大な事故につながりやすく、予防保全としても『CoolLaser』のニーズは継続的に発生しそうです。	"[{""株主名"": ""豊澤 一晃"", ""比率"": 38.53, ""ロックアップ"": ""180日間"", ""isCEO"": false}, {""株主名"": ""豊澤 弘康"", ""比率"": 8.6, ""ロックアップ"": ""180日間"", ""isCEO"": false}, {""株主名"": ""白井 元"", ""比率"": 7.46, ""ロックアップ"": ""180日間"", ""isCEO"": false}, {""株主名"": ""建装工業（株）"", ""比率"": 3.79, ""ロックアップ"": """", ""isCEO"": false}, {""株主名"": ""（株）トヨコー従業員持株会"", ""比率"": 3.52, ""ロックアップ"": ""180日間"", ""isCEO"": false}, {""株主名"": ""大和ハウスグループ共創共生１号投資事業有限責任組合"", ""比率"": 3.25, ""ロックアップ"": """", ""isCEO"": false}, {""株主名"": ""鈴与建設（株）"", ""比率"": 3.23, ""ロックアップ"": ""180日間"", ""isCEO"": false}, {""株主名"": ""鈴木 紀行"", ""比率"": 2.96, ""ロックアップ"": ""180日間"", ""isCEO"": false}, {""株主名"": ""従業員"", ""比率"": 2.37, ""ロックアップ"": ""180日間"", ""isCEO"": false}, {""株主名"": ""前田建設工業（株）"", ""比率"": 2.27, ""ロックアップ"": """", ""isCEO"": false}]"	"[{""売上高（百万円）"": {""2021年3月"": 921.0, ""2022年3月"": 1046.0, ""2023年3月"": 1117.0, ""2024年3月"": 1095.0}}, {""経常利益（百万円）"": {""2021年3月"": 333.0, ""2022年3月"": 558.0, ""2023年3月"": 114.0, ""2024年3月"": 158.0}}, {""当期純利益（百万円）"": {""2021年3月"": 356.0, ""2022年3月"": 898.0, ""2023年3月"": 115.0, ""2024年3月"": 158.0}}, {""純資産額（百万円）"": {""2021年3月"": 266.0, ""2022年3月"": 111.0, ""2023年3月"": 226.0, ""2024年3月"": 328.0}}, {""1株あたりの純資産額（円）"": {""2021年3月"": 135.0, ""2022年3月"": 56.0, ""2023年3月"": 23.0, ""2024年3月"": 30.0}}, {""1株あたりの純利益（円）"": {""2021年3月"": 181.0, ""2022年3月"": 457.0, ""2023年3月"": 11.0, ""2024年3月"": 15.0}}, {""自己資本比率（％）"": {""2021年3月"": 18.8, ""2022年3月"": 7.4, ""2023年3月"": 16.9, ""2024年3月"": 17.1}}, {""自己資本利益率（％）"": {""2021年3月"": null, ""2022年3月"": null, ""2023年3月"": null, ""2024年3月"": null}}]"	東証グロース	建設業	A	700	730.0			700.0	730.0	豊沢 一晃（上場時48歳6カ月）／1976年生	49	1996	39	33	20000000	13026600	4255000	CoolLaser事業における応用開発、CoolLaser事業における新規拠点の設備投資、借入金返済	38.5	10.5	0	0.0	2.4	3.2	13.9	"豊沢一晃	代表取締役CEO	5083025	38.5
豊沢弘康	元代表取締役	1135000	8.6
白井元	取締役CFO	984410	7.5
建装工業(株)	資本業務提携先	500000	3.8
(株)ﾄﾖｺｰ従業員持株会	特別利害関係者など	464850	3.5
大和ﾊｳｽｸﾞﾙｰﾌﾟ共創共生1号投組	投資業(ﾌｧﾝﾄﾞ)	428500	3.2
鈴与建設(株)	資本業務提携先	425500	3.2
鈴木紀行	取締役COO	390000	3.0
匿名	従業員	312685	2.4
前田建設工業(株)	資本業務提携先	300000	2.3
第一ｶｯﾀｰ興業(株)	資本業務提携先	300000	2.3
太平電業(株)	資本業務提携先	300000	2.3"	Unknown	Unknown	89210500	0.04	0.12	-1	-1	-1	-1	-1	-1	-1	2025
プログレス・テクノロジーズグループ	1.2	1.3	2025/03/28	"-1
-1
-1
-1
-0.03"	4.2			14703066000	0.446	16.2	70.8	13.0	大手製造業向けデジタルソリューション・デジタルエンジニアリングサービスの提供	5	339A		14.49	https://www.ipokiso.com/company/2025/progresstech-group.html	https://irbank.net/339A/ir	https://disclosure2dl.edinet-fsa.go.jp/searchdocument/pdf/S100VADR.pdf	https://progresstech-group.jp/	"営業収益（百万円）	5116	4228
税引前利益（百万円）	996	1057
当期純利益（百万円）	696	1015
1株あたりの純利益（円）	98	104
自己資本比率（％）	39.9	40.8
自己資本利益率（％）	25.7	None"	"None	-17%
None	6%
None	46%
None	6%
None	2%
None	None"	プログレス・テクノロジーズ グループ（339A）は、「大手製造業向けデジタルソリューション・デジタルエンジニアリングサービスの提供」を主な事業としています。製造業の「メーカー独自の製品開発技術」の進化、発展の手助けとなる解決策やサービスを提供しています。働き手不足や技術継承者不足といった人的リソース不足の解消にも期待できます。	"[{""株主名"": ""ジャフコＳＶ６投資事業有限責任組合"", ""比率"": 76.02, ""ロックアップ"": ""90日間"", ""isCEO"": false}, {""株主名"": ""ジャフコＳＶ６－Ｓ投資事業有限責任組合"", ""比率"": 19.01, ""ロックアップ"": ""90日間"", ""isCEO"": false}, {""株主名"": ""中山 岳人"", ""比率"": 3.37, ""ロックアップ"": ""90日間"", ""isCEO"": false}, {""株主名"": ""澤井 大輔"", ""比率"": 0.51, ""ロックアップ"": ""90日間"", ""isCEO"": false}, {""株主名"": ""長友 一郎"", ""比率"": 0.22, ""ロックアップ"": ""90日間"", ""isCEO"": false}, {""株主名"": ""子会社従業員"", ""比率"": 0.09, ""ロックアップ"": ""継続保有"", ""isCEO"": false}, {""株主名"": ""子会社従業員"", ""比率"": 0.07, ""ロックアップ"": ""継続保有"", ""isCEO"": false}, {""株主名"": ""村松 英行"", ""比率"": 0.05, ""ロックアップ"": ""90日間"", ""isCEO"": false}, {""株主名"": ""子会社従業員"", ""比率"": 0.05, ""ロックアップ"": ""継続保有"", ""isCEO"": false}, {""株主名"": ""子会社従業員"", ""比率"": 0.03, ""ロックアップ"": ""継続保有"", ""isCEO"": false}]"	"[{""営業収益（百万円）"": {""2024年\n2月"": 5116.0, ""2025年\n11月\n（第3四半期）"": 4228.0}}, {""税引前利益（百万円）"": {""2024年\n2月"": 996.0, ""2025年\n11月\n（第3四半期）"": 1057.0}}, {""当期純利益（百万円）"": {""2024年\n2月"": 696.0, ""2025年\n11月\n（第3四半期）"": 1015.0}}, {""純資産額（百万円）"": {""2024年\n2月"": 3060.0, ""2025年\n11月\n（第3四半期）"": 734.0}}, {""1株あたりの純資産額（円）"": {""2024年\n2月"": 433.0, ""2025年\n11月\n（第3四半期）"": null}}, {""1株あたりの純利益（円）"": {""2024年\n2月"": 98.0, ""2025年\n11月\n（第3四半期）"": 104.0}}, {""自己資本比率（％）"": {""2024年\n2月"": 39.9, ""2025年\n11月\n（第3四半期）"": 40.8}}, {""自己資本利益率（％）"": {""2024年\n2月"": 25.7, ""2025年\n11月\n（第3四半期）"": null}}]"	東証グロース	サービス業	A	1890	1950.0			1890.0	1950.0	中山 岳人（上場時52歳1カ月）／1973年生	52	2020	23	2	10000000	7779400	4378200	採用費・人件費などの運転資金、借入金返済	3.5	0.7	0	0.0	0.3	95.0	0.0	"ｼﾞｬﾌｺSV6投組	投資業(ﾌｧﾝﾄﾞ)	5657800	76.0
ｼﾞｬﾌｺSV6-S投組	投資業(ﾌｧﾝﾄﾞ)	1414400	19.0
中山岳人	代表取締役	250580	3.4
沢井大輔	取締役	37940	0.5
長友一郎	取締役	16120	0.2
匿名1	子会社の従業員	7000	0.1
匿名2	子会社の従業員	5020	0.1
村松英行	子会社の代表取締役	4000	0.1
匿名3	子会社の従業員	4000	0.1
匿名4	子会社の従業員	2500	0.0"	技術	情報技術サービス	3472400	-1.0	-1.0	-1	-1	-1	-1	-1	-1	-1	2025
ダイナミックマッププラットフォーム	1.4	1.8	2025/03/27	"-1
-1
-1
-1
-0.03"	2.6	190.2	180.8	26696080500	3.588	65.0	21.9	13.0	自動運転・先進運転支援システムなどに利用される高精度3次元地図データ（HDマップ）の生成・販売および、HDマップ関連技術を用いた（自動運転以外の）多用途での高精度位置情報・ソリューションの提供	9	336A			https://www.ipokiso.com/company/2025/dynamic-maps.html	https://irbank.net/336A/ir	https://disclosure2dl.edinet-fsa.go.jp/searchdocument/pdf/S100V9RG.pdf	https://www.dynamic-maps.co.jp/	"売上高（百万円）	562	601	3681	5567
経常利益（百万円）	1611	1792	3453	2490
当期純利益（百万円）	1613	19848	4117	4049
1株あたりの純利益（円）	5961	69447	236	215
自己資本比率（％）	83.2	32.2	47.3	33.9
自己資本利益率（％）	None	None	None	None
経常利益率（％）	286.7	298.2	93.8	44.7"	"None	7%	512%	51%
None	11%	93%	-28%
None	1131%	-79%	-2%
None	1065%	-100%	-9%
None	-61%	47%	-28%
None	None	None	None
None	None	None	None"	ダイナミックマッププラットフォーム（336A）は、「自動運転・先進運転支援システムなどに利用される高精度3次元地図データ（HDマップ）の生成・販売および、HDマップ関連技術を用いた（自動運転以外の）多用途での高精度位置情報・ソリューションの提供」を主な事業としています。	"[{""株主名"": ""（株）INCJ"", ""比率"": 40.88, ""ロックアップ"": ""90日間\n3倍"", ""isCEO"": false}, {""株主名"": ""（株）海外交通・都市開発事業支援機構"", ""比率"": 16.09, ""ロックアップ"": ""90日間\n1.5倍"", ""isCEO"": false}, {""株主名"": ""三菱電機（株）"", ""比率"": 7.21, ""ロックアップ"": ""180日間"", ""isCEO"": false}, {""株主名"": ""三菱HCキャピタル（株）"", ""比率"": 4.62, ""ロックアップ"": ""90日間\n1.5倍"", ""isCEO"": false}, {""株主名"": ""三井物産（株）"", ""比率"": 3.29, ""ロックアップ"": ""90日間\n1.5倍"", ""isCEO"": false}, {""株主名"": ""吉村 修一（社長）"", ""比率"": 2.64, ""ロックアップ"": ""180日間"", ""isCEO"": true}, {""株主名"": ""SBI４&５投資事業有限責任組合"", ""比率"": 2.35, ""ロックアップ"": ""90日間\n1.5倍"", ""isCEO"": false}, {""株主名"": ""（株）ゼンリン"", ""比率"": 2.22, ""ロックアップ"": ""180日間"", ""isCEO"": false}, {""株主名"": ""（株）パスコ"", ""比率"": 2.22, ""ロックアップ"": ""180日間"", ""isCEO"": false}, {""株主名"": ""アイサンテクノロジー（株）"", ""比率"": 1.85, ""ロックアップ"": ""180日間"", ""isCEO"": false}]"	"[{""売上高（百万円）"": {""2021年\n3月"": 562.0, ""2022年\n3月"": 601.0, ""2023年\n3月"": 3681.0, ""2024年\n3月"": 5567.0}}, {""経常利益（百万円）"": {""2021年\n3月"": 1611.0, ""2022年\n3月"": 1792.0, ""2023年\n3月"": 3453.0, ""2024年\n3月"": 2490.0}}, {""当期純利益（百万円）"": {""2021年\n3月"": 1613.0, ""2022年\n3月"": 19848.0, ""2023年\n3月"": 4117.0, ""2024年\n3月"": 4049.0}}, {""純資産額（百万円）"": {""2021年\n3月"": 18983.0, ""2022年\n3月"": 2816.0, ""2023年\n3月"": 8786.0, ""2024年\n3月"": 4854.0}}, {""1株あたりの純資産額（円）"": {""2021年\n3月"": 69537.0, ""2022年\n3月"": 9193.0, ""2023年\n3月"": 466.0, ""2024年\n3月"": 257.0}}, {""1株あたりの純利益（円）"": {""2021年\n3月"": 5961.0, ""2022年\n3月"": 69447.0, ""2023年\n3月"": 236.0, ""2024年\n3月"": 215.0}}, {""自己資本比率（％）"": {""2021年\n3月"": 83.2, ""2022年\n3月"": 32.2, ""2023年\n3月"": 47.3, ""2024年\n3月"": 33.9}}, {""自己資本利益率（％）"": {""2021年\n3月"": null, ""2022年\n3月"": null, ""2023年\n3月"": null, ""2024年\n3月"": null}}]"	東証グロース	情報・通信業	A	1130	1200.0			1130.0	1200.0	吉村 修一（上場時42歳10カ月）／1982年生	43	2016	72	25	100000000	23624850	7394500	高精度３次元位置情報の整備・更新、海外におけるHDマップの整備・更新、研究開発	2.6	0.0	0	0.0	0.0	59.4	0.0	"(株)INCJ	投資業(ﾌｧﾝﾄﾞ)	8840000	40.9
(株)海外交通･都市開発事業支援機構	投資業(ﾌｧﾝﾄﾞ)	3478350	16.1
三菱電機(株)	特別利害関係者など	1560000	7.2
三菱HCｷｬﾋﾟﾀﾙ(株)	特別利害関係者など	1000000	4.6
三井物産(株)	特別利害関係者など	710500	3.3
吉村修一	代表取締役社長など	571450	2.6
SBI4&5投組	投資業(ﾌｧﾝﾄﾞ)	508400	2.4
(株)ｾﾞﾝﾘﾝ	取引先	480000	2.2
(株)ﾊﾟｽｺ	特別利害関係者など	480000	2.2
ｱｲｻﾝﾃｸﾉﾛｼﾞｰ(株)	特別利害関係者など	400000	1.9
ｼﾞｵﾃｸﾉﾛｼﾞｰｽﾞ(株)	特別利害関係者など	320000	1.5
(株)ﾄﾖﾀﾏｯﾌﾟﾏｽﾀｰ	特別利害関係者など	320000	1.5"	通信サービス	インターネットコンテンツ・情報	84762400	-1.0	-1.0	-1	-1	-1	-1	-1	-1	-1	2025
ZenmuTech	2.8	3.9	2025/03/27	"0.12
-1
-1
-1
0.2"	12.4	76.9	53.8	1929816000	34.806	72.5	14.5	13.0	暗号技術の応用である秘密分散技術を利用したセキュリティソリューション、および、秘密計算ソリューションの開発・販売	11	338A		21.64	https://www.ipokiso.com/company/2025/zenmutech.html	https://irbank.net/338A/ir	https://disclosure2dl.edinet-fsa.go.jp/searchdocument/pdf/S100VADQ.pdf	https://zenmutech.com/	"売上高（百万円）	91	209	232	441
経常利益（百万円）	118	50	113	57
当期純利益（百万円）	121	50	115	73
1株あたりの純利益（円）	25646	10447	118	74
自己資本比率（％）	None	None	None	26.2
自己資本利益率（％）	None	None	None	None
経常利益率（％）	129.7	23.9	48.7	12.9"	"None	130%	11%	90%
None	-58%	126%	-50%
None	-59%	130%	-37%
None	-59%	-99%	-37%
None	None	None	None
None	None	None	None
None	None	None	None"	ZenmuTech[ゼンムテック]（338A）は、「暗号技術の応用である秘密分散技術を利用したセキュリティソリューション、および、秘密計算ソリューションの開発・販売」を主な事業としています。秘密分散ソリューション（情報を暗号化して複数に分割管理することで、それぞれのデータを無意味化する技術）による「ZENMU」シリーズは、情報漏洩などのリスクを抑制したい顧客への導入が増加しています。継続的なマーケティングによる認知度向上も新規顧客獲得につながっているようです。	"[{""株主名"": ""岡積 正夫"", ""比率"": 12.21, ""ロックアップ"": ""180日間"", ""isCEO"": false}, {""株主名"": ""セグエグループ（株）"", ""比率"": 10.06, ""ロックアップ"": ""180日間"", ""isCEO"": false}, {""株主名"": ""田口 善一（社長）"", ""比率"": 7.06, ""ロックアップ"": ""180日間"", ""isCEO"": true}, {""株主名"": ""四国電力（株）"", ""比率"": 5.48, ""ロックアップ"": ""180日間"", ""isCEO"": false}, {""株主名"": ""（株）Win4"", ""比率"": 5.34, ""ロックアップ"": ""180日間"", ""isCEO"": false}, {""株主名"": ""（株）テクノスジャパン"", ""比率"": 5.17, ""ロックアップ"": ""180日間"", ""isCEO"": false}, {""株主名"": ""ＴＮＰスレッズオブライト投資事業有限責任組合"", ""比率"": 4.49, ""ロックアップ"": ""90日間\n1.5倍"", ""isCEO"": false}, {""株主名"": ""松倉 泉"", ""比率"": 3.71, ""ロックアップ"": ""180日間"", ""isCEO"": false}, {""株主名"": ""北陸電力ビジネス・インベストメント合同会社"", ""比率"": 3.68, ""ロックアップ"": ""180日間"", ""isCEO"": false}, {""株主名"": ""ミツイワ（株）"", ""比率"": 3.36, ""ロックアップ"": ""180日間"", ""isCEO"": false}]"	"[{""売上高（百万円）"": {""2020年\n12月"": 91.0, ""2021年\n12月"": 209.0, ""2022年\n12月"": 232.0, ""2023年\n12月"": 441.0}}, {""経常利益（百万円）"": {""2020年\n12月"": 118.0, ""2021年\n12月"": 50.0, ""2022年\n12月"": 113.0, ""2023年\n12月"": 57.0}}, {""当期純利益（百万円）"": {""2020年\n12月"": 121.0, ""2021年\n12月"": 50.0, ""2022年\n12月"": 115.0, ""2023年\n12月"": 73.0}}, {""純資産額（百万円）"": {""2020年\n12月"": 84.0, ""2021年\n12月"": 40.0, ""2022年\n12月"": 156.0, ""2023年\n12月"": 157.0}}, {""1株あたりの純資産額（円）"": {""2020年\n12月"": 186639.0, ""2021年\n12月"": 171976.0, ""2022年\n12月"": 978.0, ""2023年\n12月"": 563.0}}, {""1株あたりの純利益（円）"": {""2020年\n12月"": 25646.0, ""2021年\n12月"": 10447.0, ""2022年\n12月"": 118.0, ""2023年\n12月"": 74.0}}, {""自己資本比率（％）"": {""2020年\n12月"": null, ""2021年\n12月"": null, ""2022年\n12月"": null, ""2023年\n12月"": 26.2}}, {""自己資本利益率（％）"": {""2020年\n12月"": null, ""2021年\n12月"": null, ""2022年\n12月"": null, ""2023年\n12月"": null}}]"	東証グロース	情報・通信業	A	1470	1580.0			1500.0	1580.0	田口 善一（上場時63歳9カ月）／1961年生	64	2014	35	66	219650000	1312800	331200	人件費・人材採用費	12.4	0.0	0	0.0	3.7	8.2	0.0	"岡積正夫	元代表取締役	145400	12.2
ｾｸﾞｴｸﾞﾙｰﾌﾟ(株)	特別利害関係者など	119800	10.1
田口善一	代表取締役社長CEO	84000	7.1
四国電力(株)	特別利害関係者など	65200	5.5
(株)Win4	役員らが議決権の過半数所有	63600	5.3
(株)ﾃｸﾉｽｼﾞｬﾊﾟﾝ	特別利害関係者など	61600	5.2
TNPｽﾚｯｽﾞｵﾌﾞﾗｲﾄ投組	投資業(ﾌｧﾝﾄﾞ)	53400	4.5
松倉泉	従業員	44200	3.7
北陸電力ﾋﾞｼﾞﾈｽ･ｲﾝﾍﾞｽﾄﾒﾝﾄ(同)	投資業(ﾌｧﾝﾄﾞ)	43800	3.7
ﾐﾂｲﾜ(株)	取引先	40000	3.4"	技術	ソフトウェア - インフラストラクチャ	45693700	0.03	0.12	-1	-1	-1	-1	-1	-1	-1	2025
ビジュアル・プロセッシング・ジャパン	1.2	1.9	2025/03/25	"-1
-1
-1
-1
-0.04"	67.6	10.6	10.8	2366650000	3.974	52.4	34.5	13.0	DAM（デジタル資産管理）を中核に、企業の事業活動における媒体（WEB、EC、SNS、カタログ、映像、出版）そしてコンテンツの制作・管理・配信を支援するDX事業	31	334A		26.29	https://www.ipokiso.com/company/2025/vpj.html	https://irbank.net/334A/ir	https://disclosure2dl.edinet-fsa.go.jp/searchdocument/pdf/S100V9F1.pdf	https://www.vpj.co.jp/	"売上高（百万円）	802	728	912	1056
経常利益（百万円）	51	56	144	140
当期純利益（百万円）	32	39	75	90
1株あたりの純利益（円）	46100	55787	53	64
自己資本比率（％）	63.2	61.9	62.8	61.7
自己資本利益率（％）	7.0	7.9	13.7	14.4
経常利益率（％）	6.4	7.7	15.8	13.3"	"None	-9%	25%	16%
None	10%	157%	-3%
None	22%	92%	20%
None	21%	-100%	21%
None	-2%	1%	-2%
None	13%	73%	5%
None	None	None	None"	ビジュアル・プロセッシング・ジャパン（334A）は、「DAM（デジタル資産管理）を中核に、企業の事業活動における媒体（WEB、EC、SNS、カタログ、映像、出版）そしてコンテンツの制作・管理・配信を支援するDX事業」を主な事業としています。	"[{""株主名"": ""（株）シエルトコミュニケーションズ"", ""比率"": 43.66, ""ロックアップ"": ""180日間"", ""isCEO"": false}, {""株主名"": ""三村 博明"", ""比率"": 19.1, ""ロックアップ"": ""180日間"", ""isCEO"": false}, {""株主名"": ""VPJ社員持株会"", ""比率"": 16.92, ""ロックアップ"": ""180日間"", ""isCEO"": false}, {""株主名"": ""関 郷"", ""比率"": 12.69, ""ロックアップ"": ""180日間"", ""isCEO"": false}, {""株主名"": ""吉川 美幸"", ""比率"": 1.83, ""ロックアップ"": ""180日間"", ""isCEO"": false}, {""株主名"": ""三村 俊介"", ""比率"": 1.36, ""ロックアップ"": ""180日間"", ""isCEO"": false}, {""株主名"": ""松本 勝裕"", ""比率"": 0.55, ""ロックアップ"": ""継続保有"", ""isCEO"": false}, {""株主名"": ""川畑 耕史"", ""比率"": 0.41, ""ロックアップ"": ""継続保有"", ""isCEO"": false}, {""株主名"": ""鈴木 優"", ""比率"": 0.27, ""ロックアップ"": ""継続保有"", ""isCEO"": false}, {""株主名"": ""谷本 真基"", ""比率"": 0.27, ""ロックアップ"": ""継続保有"", ""isCEO"": false}]"	"[{""売上高（百万円）"": {""2020年\n12月"": 802.0, ""2021年\n12月"": 728.0, ""2022年\n12月"": 912.0, ""2023年\n12月"": 1056.0}}, {""経常利益（百万円）"": {""2020年\n12月"": 51.0, ""2021年\n12月"": 56.0, ""2022年\n12月"": 144.0, ""2023年\n12月"": 140.0}}, {""当期純利益（百万円）"": {""2020年\n12月"": 32.0, ""2021年\n12月"": 39.0, ""2022年\n12月"": 75.0, ""2023年\n12月"": 90.0}}, {""純資産額（百万円）"": {""2020年\n12月"": 474.0, ""2021年\n12月"": 509.0, ""2022年\n12月"": 581.0, ""2023年\n12月"": 667.0}}, {""1株あたりの純資産額（円）"": {""2020年\n12月"": 677048.0, ""2021年\n12月"": 727835.0, ""2022年\n12月"": 415.0, ""2023年\n12月"": 477.0}}, {""1株あたりの純利益（円）"": {""2020年\n12月"": 46100.0, ""2021年\n12月"": 55787.0, ""2022年\n12月"": 53.0, ""2023年\n12月"": 64.0}}, {""自己資本比率（％）"": {""2020年\n12月"": 63.2, ""2021年\n12月"": 61.9, ""2022年\n12月"": 62.8, ""2023年\n12月"": 61.7}}, {""自己資本利益率（％）"": {""2020年\n12月"": 7.0, ""2021年\n12月"": 7.9, ""2022年\n12月"": 13.7, ""2023年\n12月"": 14.4}}]"	東証グロース	情報・通信業	B	1430	1430.0	2300.0	3040.0	1360.0	1430.0	三村 博明（上場時68歳11カ月）／1956年生	69	1994	62	6	35000000	1655000	486400	採用費・人件費、地代家賃、広告宣伝費用	64.2	3.4	0	0.0	0.0	0.0	0.0	"(株)ｼｴﾙﾄｺﾐｭﾆｹｰｼｮﾝｽﾞ	役員らが議決権の過半数所有	640000	43.7
三村博明	代表取締役社長	280000	19.1
VPJ社員持株会	特別利害関係者など	248000	16.9
関郷	監査役	186000	12.7
吉川(戸籍名:高橋)美幸	取締役	26800	1.8
三村俊介	代表取締役の血族、従業員	20000	1.4
松本勝裕	取締役	8000	0.6
川畑耕史	執行役員	6000	0.4
鈴木優	執行役員	4000	0.3
谷本真基	執行役員	4000	0.3"	技術	ソフトウェア - アプリケーション	6577000	-1.0	-1.0	-1	-1	-1	-1	-1	-1	-1	2025
ミライロ	1.6	2.3	2025/03/24	"-1
-1
-1
-1
-0.03"	72.2	24.9	15.0	2671125000	8.051	47.2	39.7	13.0	①デジタル障害者手帳『ミライロID』の企画、設計、開発、提供②ユニバーサルデザインに関する研修、リサーチ&コンサルティング③手話通訳派遣、遠隔通訳など情報保障および手話講座の提供	15	335A	35.1	28.51	https://www.ipokiso.com/company/2025/mirairo.html	https://irbank.net/335A/ir	https://disclosure2dl.edinet-fsa.go.jp/searchdocument/pdf/S100V9EV.pdf	https://www.mirairo.co.jp/	"売上高（百万円）	389	616	583	710
経常利益（百万円）	130	47	11	121
当期純利益（百万円）	134	60	10	179
1株あたりの純利益（円）	3057	1230	2	34
自己資本比率（％）	19.3	9.9	29.1	47.9
自己資本利益率（％）	None	None	9.4	72.6
経常利益率（％）	33.4	7.6	1.9	17.0"	"None	58%	-5%	22%
None	-64%	-77%	1000%
None	-55%	-83%	1690%
None	-60%	-100%	1600%
None	-49%	194%	65%
None	None	None	672%
None	None	None	None"	ミライロ（335A）は、「①デジタル障害者手帳『ミライロID』の企画、設計、開発、提供②ユニバーサルデザインに関する研修、リサーチ&コンサルティング③手話通訳派遣、遠隔通訳など情報保障および手話講座の提供」を主な事業としています。直近の業績推移を見ると、売り上げが順調に伸びており、今後の成長性も感じられます。	"[{""株主名"": ""垣内 俊哉（社長）"", ""比率"": 35.1, ""ロックアップ"": ""180日間"", ""isCEO"": true}, {""株主名"": ""民野 剛郎"", ""比率"": 34.9, ""ロックアップ"": ""180日間"", ""isCEO"": false}, {""株主名"": ""谷間 真"", ""比率"": 2.16, ""ロックアップ"": ""180日間"", ""isCEO"": false}, {""株主名"": ""大阪市高速電気軌道（株）"", ""比率"": 2.08, ""ロックアップ"": ""180日間"", ""isCEO"": false}, {""株主名"": ""住友林業（株）"", ""比率"": 2.08, ""ロックアップ"": ""180日間"", ""isCEO"": false}, {""株主名"": ""ヤマトホールディングス（株）"", ""比率"": 2.08, ""ロックアップ"": ""180日間"", ""isCEO"": false}, {""株主名"": ""（株）三菱ＵＦＪ銀行"", ""比率"": 1.99, ""ロックアップ"": ""180日間"", ""isCEO"": false}, {""株主名"": ""（株）エス・ケイプランニング"", ""比率"": 1.64, ""ロックアップ"": ""180日間"", ""isCEO"": false}, {""株主名"": ""大亀 雄平"", ""比率"": 1.64, ""ロックアップ"": ""180日間"", ""isCEO"": false}, {""株主名"": ""樫野 孝人"", ""比率"": 1.64, ""ロックアップ"": ""180日間"", ""isCEO"": false}]"	"[{""売上高（百万円）"": {""2021年\n9月"": 389.0, ""2022年\n9月"": 616.0, ""2023年\n9月"": 583.0, ""2024年\n9月"": 710.0}}, {""経常利益（百万円）"": {""2021年\n9月"": 130.0, ""2022年\n9月"": 47.0, ""2023年\n9月"": 11.0, ""2024年\n9月"": 121.0}}, {""当期純利益（百万円）"": {""2021年\n9月"": 134.0, ""2022年\n9月"": 60.0, ""2023年\n9月"": 10.0, ""2024年\n9月"": 179.0}}, {""純資産額（百万円）"": {""2021年\n9月"": 108.0, ""2022年\n9月"": 48.0, ""2023年\n9月"": 158.0, ""2024年\n9月"": 337.0}}, {""1株あたりの純資産額（円）"": {""2021年\n9月"": 2205.0, ""2022年\n9月"": 975.0, ""2023年\n9月"": 30.0, ""2024年\n9月"": 64.0}}, {""1株あたりの純利益（円）"": {""2021年\n9月"": 3057.0, ""2022年\n9月"": 1230.0, ""2023年\n9月"": 2.0, ""2024年\n9月"": 34.0}}, {""自己資本比率（％）"": {""2021年\n9月"": 19.3, ""2022年\n9月"": 9.9, ""2023年\n9月"": 29.1, ""2024年\n9月"": 47.9}}, {""自己資本利益率（％）"": {""2021年\n9月"": null, ""2022年\n9月"": null, ""2023年\n9月"": 9.4, ""2024年\n9月"": 72.6}}]"	東証グロース	情報・通信業	A	255	270.0	550.0	661.0	255.0	270.0	垣内 俊哉（上場時35歳11カ月）／1989年生	36	2010	50	39	112590000	10475000	2646300	ソフトウエア開発・改修費用、人材採用・人件費、ソフトウエア利用者登録作業費、長期借入金の返済、広告宣伝費、事務所設備への設備投資	70.0	2.2	0	0.0	0.0	0.0	0.0	"垣内俊哉	代表取締役社長	3380000	35.1
民野剛郎	取締役副社長	3360000	34.9
谷間真	取締役	208000	2.2
大阪市高速電気軌道(株)	特別利害関係者など	200000	2.1
住友林業(株)	特別利害関係者など	200000	2.1
ﾔﾏﾄﾎｰﾙﾃﾞｨﾝｸﾞｽ(株)	特別利害関係者など	200000	2.1
(株)三菱UFJ銀行	取引先	192000	2.0
(株)ｴｽ･ｹｲﾌﾟﾗﾝﾆﾝｸﾞ	特別利害関係者など	157800	1.6
大亀雄平	元取締役	157800	1.6
樫野孝人	特別利害関係者など	157800	1.6
寺嶋正浩	特別利害関係者など	157800	1.6"	技術	ソフトウェア - アプリケーション	84330800	-0.03	-1.0	-1	-1	-1	-1	-1	-1	-1	2025
パパネッツ	0.1	1.0	2025/03/21	"-1
-1
-1
-1
6.33"	92.5	8.3	6.5	1752000000	0.0	43.5	43.5	13.0	物件定期巡回サービスなどの不動産管理サポート事業、全国ツーマン配送ネットワークサービスなどのインテリア・トータルサポート事業	30	9388		7.45	https://www.ipokiso.com/company/2025/papanets.html	https://irbank.net/9388/ir	https://disclosure2dl.edinet-fsa.go.jp/searchdocument/pdf/S100V9EZ.pdf	https://papanets.co.jp/	"売上高（百万円）	3542	3629	4008	4492
経常利益（百万円）	157	243	294	342
当期純利益（百万円）	111	157	202	235
1株あたりの純利益（円）	646	911	1173	1372
自己資本比率（％）	30.9	38.1	45.4	49.2
自己資本利益率（％）	20.1	23.1	23.7	23.5
経常利益率（％）	4.4	6.7	7.3	7.6"	"None	2%	10%	12%
None	55%	21%	16%
None	41%	29%	16%
None	41%	29%	17%
None	23%	19%	8%
None	15%	3%	-1%
None	None	None	None"	パパネッツ（9388）は、「物件定期巡回サービスなどの不動産管理サポート事業、全国ツーマン配送ネットワークサービスなどのインテリア・トータルサポート事業」を主な事業としています。	"[{""株主名"": ""（株）花明"", ""比率"": 34.48, ""ロックアップ"": ""180日間"", ""isCEO"": false}, {""株主名"": ""中本久富"", ""比率"": 20.0, ""ロックアップ"": ""180日間"", ""isCEO"": false}, {""株主名"": ""伊藤裕昭（社長）"", ""比率"": 9.09, ""ロックアップ"": ""180日間"", ""isCEO"": true}, {""株主名"": ""二田泰久"", ""比率"": 8.34, ""ロックアップ"": ""180日間"", ""isCEO"": false}, {""株主名"": ""宮﨑恵子"", ""比率"": 7.59, ""ロックアップ"": ""180日間"", ""isCEO"": false}, {""株主名"": ""早坂貴幸"", ""比率"": 6.46, ""ロックアップ"": ""180日間"", ""isCEO"": false}, {""株主名"": ""柳澤謙介"", ""比率"": 6.46, ""ロックアップ"": ""180日間"", ""isCEO"": false}, {""株主名"": ""松本寝具（株）"", ""比率"": 1.76, ""ロックアップ"": ""180日間"", ""isCEO"": false}, {""株主名"": ""山内（株）"", ""比率"": 1.5, ""ロックアップ"": ""180日間"", ""isCEO"": false}, {""株主名"": ""（株）RightArmサービス"", ""比率"": 1.5, ""ロックアップ"": ""180日間"", ""isCEO"": false}]"	"[{""売上高（百万円）"": {""2021年\n2月"": 3542.0, ""2022年\n2月"": 3629.0, ""2023年\n2月"": 4008.0, ""2024年\n2月"": 4492.0}}, {""経常利益（百万円）"": {""2021年\n2月"": 157.0, ""2022年\n2月"": 243.0, ""2023年\n2月"": 294.0, ""2024年\n2月"": 342.0}}, {""当期純利益（百万円）"": {""2021年\n2月"": 111.0, ""2022年\n2月"": 157.0, ""2023年\n2月"": 202.0, ""2024年\n2月"": 235.0}}, {""純資産額（百万円）"": {""2021年\n2月"": 606.0, ""2022年\n2月"": 756.0, ""2023年\n2月"": 950.0, ""2024年\n2月"": 1048.0}}, {""1株あたりの純資産額（円）"": {""2021年\n2月"": 3515.0, ""2022年\n2月"": 4385.0, ""2023年\n2月"": 5508.0, ""2024年\n2月"": 6572.0}}, {""1株あたりの純利益（円）"": {""2021年\n2月"": 646.0, ""2022年\n2月"": 911.0, ""2023年\n2月"": 1173.0, ""2024年\n2月"": 1372.0}}, {""自己資本比率（％）"": {""2021年\n2月"": 30.9, ""2022年\n2月"": 38.1, ""2023年\n2月"": 45.4, ""2024年\n2月"": 49.2}}, {""自己資本利益率（％）"": {""2021年\n2月"": 20.1, ""2022年\n2月"": 23.1, ""2023年\n2月"": 23.7, ""2024年\n2月"": 23.5}}]"	福証Qボード	サービス業	C	960	700.0	700.0	830.0	700.0	740.0	伊藤 裕昭（上場時52歳0カ月）／1973年生	52	1995	100	23	50000000	1825000	230000	基幹システム構築費用	63.6	28.9	0	0.0	0.0	0.0	0.0	"(株)花明	創業者の資産管理会社	55000	34.5
中本久富	創業者	31900	20.0
伊藤裕昭	代表取締役社長	14500	9.1
二田泰久	専務取締役	13300	8.3
宮崎恵子	常務取締役	12100	7.6
早坂貴幸	取締役	10300	6.5
柳沢謙介	取締役	10300	6.5
松本寝具(株)	取引先	2800	1.8
山内(株)	特別利害関係者など	2400	1.5
(株)RightArmｻｰﾋﾞｽ	取引先	2400	1.5"	Unknown	Unknown	0	-1.0	-1.0	-1	-1	-1	-1	-1	-1	-1	2025
ミーク	1.3	1.7	2025/03/21	"-1
-1
-1
-1
0.17"	12.0	-18.1	11.2	8654880000	1.298	45.6	41.4	13.0	モバイルIoT支援事業	6	332A		15.94	https://www.ipokiso.com/company/2025/meeq.html	https://irbank.net/332A/ir	https://disclosure2dl.edinet-fsa.go.jp/searchdocument/pdf/S100V92Z.pdf	https://www.meeq.com/	"売上高（百万円）	9994	6883	5976	5376
経常利益（百万円）	614	724	817	785
当期純利益（百万円）	401	474	535	543
1株あたりの純利益（円）	4130	4875	55	56
自己資本比率（％）	30.3	64.6	64.7	72.7
自己資本利益率（％）	28.4	25.6	23.0	19.1
経常利益率（％）	6.1	10.5	13.7	14.6"	"None	-31%	-13%	-10%
None	18%	13%	-4%
None	18%	13%	1%
None	18%	-99%	2%
None	113%	0%	12%
None	-10%	-10%	-17%
None	None	None	None"	ミーク（332A）は、「モバイルIoT支援事業」を主な事業としています。直近の業績推移を見ると、売上が頭打ち気味になっており、成長性がそれほど感じられません。	"[{""株主名"": ""ソニーネットワークコミュニケーションズ（株）"", ""比率"": 28.47, ""ロックアップ"": ""180日間"", ""isCEO"": false}, {""株主名"": ""ソニーセミコンダクタソリューションズ（株）"", ""比率"": 10.88, ""ロックアップ"": ""180日間"", ""isCEO"": false}, {""株主名"": ""峯村 竜太（社長）"", ""比率"": 8.6, ""ロックアップ"": ""180日間"", ""isCEO"": true}, {""株主名"": ""東京センチュリー（株）"", ""比率"": 8.52, ""ロックアップ"": ""180日間"", ""isCEO"": false}, {""株主名"": ""（株）ファミリーマート"", ""比率"": 5.69, ""ロックアップ"": ""180日間"", ""isCEO"": false}, {""株主名"": ""SREホールディングス（株）"", ""比率"": 4.26, ""ロックアップ"": """", ""isCEO"": false}, {""株主名"": ""MICイノベーション5号投資事業有限責任組合"", ""比率"": 4.26, ""ロックアップ"": ""90日間\n1.5倍"", ""isCEO"": false}, {""株主名"": ""大阪瓦斯（株）"", ""比率"": 4.26, ""ロックアップ"": ""180日間"", ""isCEO"": false}, {""株主名"": ""SMBCベンチャーキャピタル７号投資事業有限責任組合"", ""比率"": 4.26, ""ロックアップ"": ""90日間\n1.5倍"", ""isCEO"": false}, {""株主名"": ""細井 邦俊"", ""比率"": 3.41, ""ロックアップ"": """", ""isCEO"": false}]"	"[{""売上高（百万円）"": {""2021年\n3月"": 9994.0, ""2022年\n3月"": 6883.0, ""2023年\n3月"": 5976.0, ""2024年\n3月"": 5376.0}}, {""経常利益（百万円）"": {""2021年\n3月"": 614.0, ""2022年\n3月"": 724.0, ""2023年\n3月"": 817.0, ""2024年\n3月"": 785.0}}, {""当期純利益（百万円）"": {""2021年\n3月"": 401.0, ""2022年\n3月"": 474.0, ""2023年\n3月"": 535.0, ""2024年\n3月"": 543.0}}, {""純資産額（百万円）"": {""2021年\n3月"": 1622.0, ""2022年\n3月"": 2095.0, ""2023年\n3月"": 2577.0, ""2024年\n3月"": 3120.0}}, {""1株あたりの純資産額（円）"": {""2021年\n3月"": 16585.0, ""2022年\n3月"": 21460.0, ""2023年\n3月"": 264.0, ""2024年\n3月"": 320.0}}, {""1株あたりの純利益（円）"": {""2021年\n3月"": 4130.0, ""2022年\n3月"": 4875.0, ""2023年\n3月"": 55.0, ""2024年\n3月"": 56.0}}, {""自己資本比率（％）"": {""2021年\n3月"": 30.3, ""2022年\n3月"": 64.6, ""2023年\n3月"": 64.7, ""2024年\n3月"": 72.7}}, {""自己資本利益率（％）"": {""2021年\n3月"": 28.4, ""2022年\n3月"": 25.6, ""2023年\n3月"": 23.0, ""2024年\n3月"": 19.1}}]"	東証グロース	情報・通信業	A	760	800.0	1000.0	845.0	760.0	800.0	峯村 竜太（上場時44歳1カ月）／1981年生	44	2019	73	16	10000000	11388000	3659500	人件費・採用費、ネットワーク増強費、開発費	12.0	0.0	0	0.0	0.0	12.4	27.3	"ｿﾆｰﾈｯﾄﾜｰｸｺﾐｭﾆｹｰｼｮﾝｽﾞ(株)	その他の関係会社	3342700	28.5
ｿﾆｰｾﾐｺﾝﾀﾞｸﾀｿﾘｭｰｼｮﾝｽﾞ(株)	その他の関係会社の子会社	1277300	10.9
峯村竜太	代表取締役執行役員社長	1010000	8.6
東京ｾﾝﾁｭﾘｰ(株)	資本提携先	1000000	8.5
(株)ﾌｧﾐﾘｰﾏｰﾄ	資本提携先	668100	5.7
SREﾎｰﾙﾃﾞｨﾝｸﾞｽ(株)	資本業務提携先	500000	4.3
MICｲﾉﾍﾞｰｼｮﾝ5号投組	投資業(ﾌｧﾝﾄﾞ)	500000	4.3
大阪ｶﾞｽ(株)	資本提携先	500000	4.3
SMBCﾍﾞﾝﾁｬｰｷｬﾋﾟﾀﾙ7号投組	投資業(ﾌｧﾝﾄﾞ)	500000	4.3
細井邦俊	取締役執行役員副社長	400200	3.4
加賀電子(株)	資本提携先	300000	2.6
TIS(株)	資本提携先	222700	1.9
日本生命保険(相)	特別利害関係者など	222700	1.9
ﾔﾝﾏｰﾍﾞﾝﾁｬｰｽﾞ2号投組	投資業(ﾌｧﾝﾄﾞ)	222700	1.9
みずほ成長支援第5号投組	投資業(ﾌｧﾝﾄﾞ)	222700	1.9"	技術	ソフトウェア - アプリケーション	14777900	-1.0	-1.0	-1	-1	-1	-1	-1	-1	-1	2025
JX金属	1.2	1.5	2025/03/19	"-1
-1
-1
-1
-0.04"	100.0	144.6	12.6	800335193924	1.184	0.0	87.0	13.0	半導体材料、情報通信材料の製造および販売、資源開発、金属の製錬、リサイクル	23	5016		7.8	https://www.ipokiso.com/company/2025/jx-nmm.html	https://irbank.net/5016/ir	https://disclosure2dl.edinet-fsa.go.jp/searchdocument/pdf/S100V8VP.pdf	https://www.jx-nmm.com/	"売上高（百万円）	303092	302528	1638484	1512345
経常利益（百万円）	52925	72192	63327	78714
当期純利益（百万円）	36357	56926	36930	102624
1株あたりの純利益（円）	39	61	40	111
自己資本比率（％）	51.0	48.2	26.9	47.3
自己資本利益率（％）	10.4	15.4	7.7	18.3
経常利益率（％）	17.5	23.9	3.9	5.2"	"None	-0%	442%	-8%
None	36%	-12%	24%
None	57%	-35%	178%
None	56%	-34%	178%
None	-5%	-44%	76%
None	48%	-50%	138%
None	None	None	None"	JX金属（5016）は、「半導体材料、情報通信材料の製造および販売、資源開発、金属の製錬、リサイクル」を主な事業としています。半導体に使われる金属薄膜材料や、スマートフォンに使われるプリント基板向け先端品では、高い世界シェアを誇っています。	"[{""株主名"": ""ＥＮＥＯＳホールディングス（株）"", ""比率"": 100.0, ""ロックアップ"": ""180日間"", ""isCEO"": false}]"	"[{""売上高（百万円）"": {""2021年\n3月"": 303092.0, ""2022年\n3月"": 302528.0, ""2023年\n3月"": 1638484.0, ""2024年\n3月"": 1512345.0}}, {""経常利益（百万円）"": {""2021年\n3月"": 52925.0, ""2022年\n3月"": 72192.0, ""2023年\n3月"": 63327.0, ""2024年\n3月"": 78714.0}}, {""当期純利益（百万円）"": {""2021年\n3月"": 36357.0, ""2022年\n3月"": 56926.0, ""2023年\n3月"": 36930.0, ""2024年\n3月"": 102624.0}}, {""純資産額（百万円）"": {""2021年\n3月"": 360446.0, ""2022年\n3月"": 379610.0, ""2023年\n3月"": 492093.0, ""2024年\n3月"": 627388.0}}, {""1株あたりの純資産額（円）"": {""2021年\n3月"": 388.0, ""2022年\n3月"": 409.0, ""2023年\n3月"": 530.0, ""2024年\n3月"": 676.0}}, {""1株あたりの純利益（円）"": {""2021年\n3月"": 39.0, ""2022年\n3月"": 61.0, ""2023年\n3月"": 40.0, ""2024年\n3月"": 111.0}}, {""自己資本比率（％）"": {""2021年\n3月"": 51.0, ""2022年\n3月"": 48.2, ""2023年\n3月"": 26.9, ""2024年\n3月"": 47.3}}, {""自己資本利益率（％）"": {""2021年\n3月"": 10.4, ""2022年\n3月"": 15.4, ""2023年\n3月"": 7.7, ""2024年\n3月"": 18.3}}]"	東証プライム	非鉄金属	S	862	820.0	785.0	843.0	810.0	820.0	林 陽一（上場時60歳1カ月）／1965年生	60	2002	3260	1	75000000000	928463102	534934100	-	0.0	0.0	0	100.0	0.0	0.0	0.0	"ENEOSﾎｰﾙﾃﾞｨﾝｸﾞｽ(株)	親会社	928463102	100.0"	技術	Semiconductor Equipment & Materials	1099235300	-1.0	-1.0	-1	-1	-1	-1	-1	-1	-1	2025
メディックス	1.0	1.5	2025/03/19	"-1
-1
-1
-1
-0.05"	36.1	-17.4	10.8	6948800000	0.643	18.9	68.1	13.0	クリエイティブ設計・制作、データ解析・分析、インターネット広告代理などのデジタルマーケティング支援事業	41	331A		14.2	https://www.ipokiso.com/company/2025/medix-inc.html	https://irbank.net/331A/ir	https://disclosure2dl.edinet-fsa.go.jp/searchdocument/pdf/S100V85E.pdf	https://www.medix-inc.co.jp/	"売上高（百万円）	11979	14392	4273	4180
経常利益（百万円）	123	516	815	805
当期純利益（百万円）	118	134	402	489
1株あたりの純利益（円）	818	912	53	65
自己資本比率（％）	23.9	26.4	31.8	36.5
自己資本利益率（％）	None	10.7	26.0	25.2
経常利益率（％）	1.0	3.6	19.1	19.3"	"None	20%	-70%	-2%
None	320%	58%	-1%
None	14%	200%	22%
None	11%	-94%	23%
None	10%	20%	15%
None	None	143%	-3%
None	None	None	None"	メディックス（331A）は、「クリエイティブ設計・制作、データ解析・分析、インターネット広告代理などのデジタルマーケティング支援事業」を主な事業としています。	"[{""株主名"": ""小谷中 茂樹"", ""比率"": 39.88, ""ロックアップ"": ""180日間"", ""isCEO"": false}, {""株主名"": ""水野 昌広"", ""比率"": 21.9, ""ロックアップ"": ""180日間"", ""isCEO"": false}, {""株主名"": ""メディックス従業員持株会"", ""比率"": 10.47, ""ロックアップ"": ""180日間"", ""isCEO"": false}, {""株主名"": ""小谷中 一樹"", ""比率"": 9.39, ""ロックアップ"": ""180日間"", ""isCEO"": false}, {""株主名"": ""田中 正則（社長）"", ""比率"": 7.23, ""ロックアップ"": ""180日間"", ""isCEO"": true}, {""株主名"": ""（株）フォローワンズハート"", ""比率"": 5.23, ""ロックアップ"": ""180日間"", ""isCEO"": false}, {""株主名"": ""今森 教仁"", ""比率"": 1.29, ""ロックアップ"": ""180日間"", ""isCEO"": false}, {""株主名"": ""馬場 昭彦"", ""比率"": 0.93, ""ロックアップ"": ""180日間"", ""isCEO"": false}, {""株主名"": ""両角 創平"", ""比率"": 0.87, ""ロックアップ"": ""180日間"", ""isCEO"": false}, {""株主名"": ""菊地 悟"", ""比率"": 0.65, ""ロックアップ"": ""180日間"", ""isCEO"": false}]"	"[{""売上高（百万円）"": {""2021年\n3月"": 11979.0, ""2022年\n3月"": 14392.0, ""2023年\n3月"": 4273.0, ""2024年\n3月"": 4180.0}}, {""経常利益（百万円）"": {""2021年\n3月"": 123.0, ""2022年\n3月"": 516.0, ""2023年\n3月"": 815.0, ""2024年\n3月"": 805.0}}, {""当期純利益（百万円）"": {""2021年\n3月"": 118.0, ""2022年\n3月"": 134.0, ""2023年\n3月"": 402.0, ""2024年\n3月"": 489.0}}, {""純資産額（百万円）"": {""2021年\n3月"": 1150.0, ""2022年\n3月"": 1356.0, ""2023年\n3月"": 1730.0, ""2024年\n3月"": 2157.0}}, {""1株あたりの純資産額（円）"": {""2021年\n3月"": 7995.0, ""2022年\n3月"": 8944.0, ""2023年\n3月"": 228.0, ""2024年\n3月"": 286.0}}, {""1株あたりの純利益（円）"": {""2021年\n3月"": 818.0, ""2022年\n3月"": 912.0, ""2023年\n3月"": 53.0, ""2024年\n3月"": 65.0}}, {""自己資本比率（％）"": {""2021年\n3月"": 23.9, ""2022年\n3月"": 26.4, ""2023年\n3月"": 31.8, ""2024年\n3月"": 36.5}}, {""自己資本利益率（％）"": {""2021年\n3月"": null, ""2022年\n3月"": 10.7, ""2023年\n3月"": 26.0, ""2024年\n3月"": 25.2}}]"	東証スタンダード	サービス業	C	860	800.0	830.0	760.0	760.0	800.0	田中 正則（上場時67歳9カ月）／1957年生	68	1984	280	10	75800000	8080000	2645000	人材の採用・人件費、システム投資、マーケティング投資	12.4	23.7	0	0.0	11.4	0.0	0.0	"小谷中茂樹	創業者、元代表取締役	3200000	39.9
水野昌広	取締役(監査等委員)	1757500	21.9
ﾒﾃﾞｨｯｸｽ従業員持株会	特別利害関係者など	840100	10.5
小谷中一樹	従業員	753750	9.4
田中正則	代表取締役社長	580000	7.2
(株)ﾌｫﾛｰﾜﾝｽﾞﾊｰﾄ	役員らが議決権の過半数所有	420000	5.2
今森教仁	従業員	103750	1.3
馬場昭彦	管理担当取締役	75000	0.9
両角創平	取締役	69900	0.9
菊地悟	従業員	52500	0.7"	通信サービス	広告代理店	5198400	-1.0	-1.0	-1	-1	-1	-1	-1	-1	-1	2025
TalentX	1.4	2.0	2025/03/18	"-1
-1
-1
-1
0.17"	52.9	41.9	30.7	4131375000	9.152	2.5	84.4	13.0	クラウドベースのタレント・アクイジション（人材獲得）ソフトウェア・プラットフォーム『My Series』の開発および提供、その他関連事業	7	330A	47.62	153.24	https://www.ipokiso.com/company/2025/talentx.html	https://irbank.net/330A/ir	https://disclosure2dl.edinet-fsa.go.jp/searchdocument/pdf/S100V7S5.pdf	https://talentx.co.jp/	"売上高（百万円）	382	449	727	1063
経常利益（百万円）	149	306	95	27
当期純利益（百万円）	147	309	94	27
1株あたりの純利益（円）	8897	16969	17	5
自己資本比率（％）	52.1	24.0	6.5	9.6
自己資本利益率（％）	None	None	None	57.2
経常利益率（％）	39.0	68.2	13.1	2.5"	"None	18%	62%	46%
None	105%	-69%	-72%
None	110%	-70%	-71%
None	91%	-100%	-71%
None	-54%	-73%	48%
None	None	None	None
None	None	None	None"	TalentX[タレントエックス]（330A）は、「クラウドベースのタレント・アクイジション（人材獲得）ソフトウェア・プラットフォーム『My Series』の開発および提供、その他関連事業」を主な事業としています。提供プラットフォームは累計1,000社以上に導入されており、売上高を順調に伸ばしています。会社発表の業績予想によると、2025年3月期は売上高1,402百万円（32.0％増）となっています。	"[{""株主名"": ""鈴木 貴史（社長）"", ""比率"": 47.62, ""ロックアップ"": ""180日間"", ""isCEO"": true}, {""株主名"": ""AT-Ⅱ投資事業有限責任組合"", ""比率"": 20.35, ""ロックアップ"": ""90日間\n1.5倍"", ""isCEO"": false}, {""株主名"": ""パーソルデジタルベンチャーズ（株）"", ""比率"": 13.95, ""ロックアップ"": ""180日間"", ""isCEO"": false}, {""株主名"": ""グローバル・ブレイン７号投資事業有限責任組合"", ""比率"": 6.11, ""ロックアップ"": ""90日間\n1.5倍"", ""isCEO"": false}, {""株主名"": ""細田 亮佑"", ""比率"": 5.29, ""ロックアップ"": ""180日間"", ""isCEO"": false}, {""株主名"": ""HAKUHODO DY FUTURE DESIGN FUND 投資事業有限責任組合"", ""比率"": 2.03, ""ロックアップ"": ""180日間\n1.5倍"", ""isCEO"": false}, {""株主名"": ""宇野 康秀"", ""比率"": 0.91, ""ロックアップ"": ""180日間"", ""isCEO"": false}, {""株主名"": ""従業員"", ""比率"": 0.39, ""ロックアップ"": ""継続保有"", ""isCEO"": false}, {""株主名"": ""従業員"", ""比率"": 0.33, ""ロックアップ"": ""継続保有"", ""isCEO"": false}, {""株主名"": ""従業員"", ""比率"": 0.26, ""ロックアップ"": ""継続保有"", ""isCEO"": false}]"	"[{""売上高（百万円）"": {""2021年\n3月"": 382.0, ""2022年\n3月"": 449.0, ""2023年\n3月"": 727.0, ""2024年\n3月"": 1063.0}}, {""経常利益（百万円）"": {""2021年\n3月"": 149.0, ""2022年\n3月"": 306.0, ""2023年\n3月"": 95.0, ""2024年\n3月"": 27.0}}, {""当期純利益（百万円）"": {""2021年\n3月"": 147.0, ""2022年\n3月"": 309.0, ""2023年\n3月"": 94.0, ""2024年\n3月"": 27.0}}, {""純資産額（百万円）"": {""2021年\n3月"": 436.0, ""2022年\n3月"": 127.0, ""2023年\n3月"": 34.0, ""2024年\n3月"": 61.0}}, {""1株あたりの純資産額（円）"": {""2021年\n3月"": 23972.0, ""2022年\n3月"": 7003.0, ""2023年\n3月"": 6.0, ""2024年\n3月"": 11.0}}, {""1株あたりの純利益（円）"": {""2021年\n3月"": 8897.0, ""2022年\n3月"": 16969.0, ""2023年\n3月"": 17.0, ""2024年\n3月"": 5.0}}, {""自己資本比率（％）"": {""2021年\n3月"": 52.1, ""2022年\n3月"": 24.0, ""2023年\n3月"": 6.5, ""2024年\n3月"": 9.6}}, {""自己資本利益率（％）"": {""2021年\n3月"": null, ""2022年\n3月"": null, ""2023年\n3月"": null, ""2024年\n3月"": 57.2}}]"	東証グロース	情報・通信業	B	750	750.0	1050.0	1026.0	650.0	750.0	鈴木 貴史（上場時36歳9カ月）／1988年生	37	2018	107	8	100000000	5508500	1960800	人材採用費、システム開発関連費	47.6	5.3	0	0.0	1.0	42.4	0.0	"鈴木貴史	代表取締役	2700000	47.6
AT-II投組	投資業(ﾌｧﾝﾄﾞ)	1153800	20.4
ﾊﾟｰｿﾙﾃﾞｼﾞﾀﾙﾍﾞﾝﾁｬｰｽﾞ(株)	投資業(ﾌｧﾝﾄﾞ)	790800	13.9
ｸﾞﾛｰﾊﾞﾙ･ﾌﾞﾚｲﾝ7号投組	投資業(ﾌｧﾝﾄﾞ)	346800	6.1
細田亮佑	取締役	300000	5.3
HAKUHODO DY FUTURE D F投組	投資業(ﾌｧﾝﾄﾞ)	115200	2.0
宇野康秀	特別利害関係者など	51900	0.9
匿名1	従業員	22200	0.4
匿名2	従業員	18900	0.3
匿名3	従業員	14400	0.3"	産業	人材派遣・雇用サービス	50415600	0.17	-1.0	-1	-1	-1	-1	-1	-1	-1	2025
TENTIAL	2.5	3.4	2025/02/28	"0.19
-1
-1
-1
0.19"	38.3	132.4	18.3	13052860000	4.209	12.5	74.5	13.0	リカバリーウェア『BAKUNE』をはじめとしたコンディショニングブランド『TENTIAL』の運営	7	325A	30.23	25.76	https://www.ipokiso.com/company/2025/tential.html	https://irbank.net/325A/ir	https://disclosure2dl.edinet-fsa.go.jp/searchdocument/pdf/0.pdf	https://corp.tential.jp/	"売上高（百万円）	443	847	2034	5409
経常利益（百万円）	95	350	39	477
当期純利益（百万円）	109	351	13	507
1株あたりの純利益（円）	4660	13204	2	77
自己資本比率（％）	29.7	23.8	46.4	48.8
自己資本利益率（％）	0.0	0.0	0.0	55.6
経常利益率（％）	21.4	41.3	1.9	8.8"	"None	91%	140%	166%
None	268%	-89%	1123%
None	222%	-96%	3800%
None	183%	-100%	3750%
None	-20%	95%	5%
None	None	None	None
None	None	None	None"	TENTIAL[テンシャル]（325A）は、「リカバリーウェア『BAKUNE』をはじめとしたコンディショニングブランド『TENTIAL』の運営」を主な事業としています。2019年に元プロサッカー選手の播戸隆二氏がCSO（チーフスポーツオフィサー）に就任したことが話題になっていました。	"[{""株主名"": ""中西 裕太郎（社長）"", ""比率"": 30.23, ""ロックアップ"": ""180日間"", ""isCEO"": true}, {""株主名"": ""（株）アカツキ"", ""比率"": 13.79, ""ロックアップ"": ""180日間"", ""isCEO"": false}, {""株主名"": ""（株）Anchor"", ""比率"": 8.14, ""ロックアップ"": ""180日間"", ""isCEO"": false}, {""株主名"": ""HIRACFUND１号投資事業有限責任組合"", ""比率"": 6.14, ""ロックアップ"": ""180日間"", ""isCEO"": false}, {""株主名"": ""ニッセイ・キャピタル12号投資事業有限責任組合"", ""比率"": 5.32, ""ロックアップ"": ""180日間"", ""isCEO"": false}, {""株主名"": ""ファッション＆テクノロジー２号投資事業組合"", ""比率"": 4.8, ""ロックアップ"": """", ""isCEO"": false}, {""株主名"": ""Apricot Venture Fund１号投資事業有限責任組合"", ""比率"": 4.7, ""ロックアップ"": ""180日間"", ""isCEO"": false}, {""株主名"": ""ナントCVC２号投資事業有限責任組合"", ""比率"": 2.67, ""ロックアップ"": ""180日間"", ""isCEO"": false}, {""株主名"": ""MTGV投資事業有限責任組合"", ""比率"": 2.25, ""ロックアップ"": ""180日間"", ""isCEO"": false}, {""株主名"": ""TENTIAL従業員"", ""比率"": 2.23, ""ロックアップ"": ""180日間"", ""isCEO"": false}]"	"[{""売上高（百万円）"": {""2021年\n1月"": 443.0, ""2022年\n1月"": 847.0, ""2023年\n1月"": 2034.0, ""2024年\n1月"": 5409.0}}, {""経常利益（百万円）"": {""2021年\n1月"": 95.0, ""2022年\n1月"": 350.0, ""2023年\n1月"": 39.0, ""2024年\n1月"": 477.0}}, {""当期純利益（百万円）"": {""2021年\n1月"": 109.0, ""2022年\n1月"": 351.0, ""2023年\n1月"": 13.0, ""2024年\n1月"": 507.0}}, {""純資産額（百万円）"": {""2021年\n1月"": 49.0, ""2022年\n1月"": 57.0, ""2023年\n1月"": 608.0, ""2024年\n1月"": 1215.0}}, {""1株あたりの純資産額（円）"": {""2021年\n1月"": 9452.0, ""2022年\n1月"": 20531.0, ""2023年\n1月"": 92.0, ""2024年\n1月"": 14.0}}, {""1株あたりの純利益（円）"": {""2021年\n1月"": 4660.0, ""2022年\n1月"": 13204.0, ""2023年\n1月"": 2.0, ""2024年\n1月"": 77.0}}, {""自己資本比率（％）"": {""2021年\n1月"": 29.7, ""2022年\n1月"": 23.8, ""2023年\n1月"": 46.4, ""2024年\n1月"": 48.8}}, {""自己資本利益率（％）"": {""2021年\n1月"": 0.0, ""2022年\n1月"": 0.0, ""2023年\n1月"": 0.0, ""2024年\n1月"": 55.6}}]"	東証グロース	繊維製品	A	1850	2000.0	2500.0	2600.0	1900.0	2000.0	中西 裕太郎（上場時30歳8カ月）／1994年生	31	2018	110	32	107452000	7055600	3202400	ブランド投資における広告宣伝費	38.3	0.0	0	0.0	2.2	30.0	0.0	"中西裕太郎	代表取締役社長	2228200	30.2
(株)ｱｶﾂｷ	特別利害関係者など	1016200	13.8
(株)Anchor	役員らが議決権の過半数所有	600000	8.1
HIRACFUND1号投組	投資業(ﾌｧﾝﾄﾞ)	452400	6.1
ﾆｯｾｲ･ｷｬﾋﾟﾀﾙ12号投組	投資業(ﾌｧﾝﾄﾞ)	392400	5.3
ﾌｧｯｼｮﾝ&ﾃｸﾉﾛｼﾞｰ2号投組	投資業(ﾌｧﾝﾄﾞ)	353800	4.8
Apricot Venture Fund1号投組	投資業(ﾌｧﾝﾄﾞ)	346200	4.7
ﾅﾝﾄCVC2号投組	投資業(ﾌｧﾝﾄﾞ)	197000	2.7
MTGV投組	投資業(ﾌｧﾝﾄﾞ)	165600	2.2
匿名	従業員	164600	2.2
Rakuten Capital S.C.Sp.	投資業(ﾌｧﾝﾄﾞ)	156800	2.1
PARABED-SBI ﾍﾙｽｹｱF1号投組	投資業(ﾌｧﾝﾄﾞ)	156800	2.1"	消費者循環	衣料品製造	29694300	0.16	0.19	-1	-1	-1	-1	-1	-1	-1	2025
ブッキングリゾート	1.1	2.2	2025/02/21	"-1
-1
-1
-1
-0.11"	76.2	167.7	43.0	6840000000	9.067	18.2	68.7	13.0	旅行者の予約獲得を目的とした、宿泊施設の集客支援事業及び直営宿泊事業	12	324A		25.08	https://www.ipokiso.com/company/2025/booking-resort.html	https://irbank.net/324A/ir	https://disclosure2dl.edinet-fsa.go.jp/searchdocument/pdf/S100V3QV.pdf	https://www.booking-resort.jp/	"売上高（百万円）	79	358	743	1059
経常利益（百万円）	42	172	255	389
当期純利益（百万円）	42	136	184	273
1株あたりの純利益（円）	347850	135881	35	51
自己資本比率（％）	22.3	45.0	57.0	65.0
自己資本利益率（％）	None	252.6	44.5	32.4
経常利益率（％）	53.2	48.0	34.3	36.7"	"None	353%	108%	43%
None	310%	48%	53%
None	224%	35%	48%
None	-61%	-100%	46%
None	102%	27%	14%
None	None	-82%	-27%
None	None	None	None"	ブッキングリゾート（324A）は、旅行者の予約獲得を目的とした、宿泊施設の集客支援事業及び直営宿泊事業を主な事業としています。グランピング施設やリゾート施設を掲載する『リゾートグランピングドットコム』やペット同伴旅行に対応した『いぬやど』などの予約プラットフォームを運営しています。	"[{""株主名"": ""エス・エヌ・ホールディングス（有）"", ""比率"": 64.81, ""ロックアップ"": ""180日間"", ""isCEO"": false}, {""株主名"": ""（株）にしがき"", ""比率"": 7.59, ""ロックアップ"": """", ""isCEO"": false}, {""株主名"": ""（株）デジタルストレージ"", ""比率"": 3.8, ""ロックアップ"": """", ""isCEO"": false}, {""株主名"": ""（株）グランシーズ"", ""比率"": 3.8, ""ロックアップ"": ""180日間"", ""isCEO"": false}, {""株主名"": ""（株）ゆめゆめらいふ"", ""比率"": 0.93, ""ロックアップ"": """", ""isCEO"": false}, {""株主名"": ""村上 真之助"", ""比率"": 0.93, ""ロックアップ"": ""180日間"", ""isCEO"": false}, {""株主名"": ""（株）Ｂ＆Ｖ"", ""比率"": 0.93, ""ロックアップ"": ""180日間"", ""isCEO"": false}, {""株主名"": ""（株）Ｂ＆Ｖホールディングス"", ""比率"": 0.93, ""ロックアップ"": ""180日間"", ""isCEO"": false}, {""株主名"": ""日本商事（株）"", ""比率"": 0.93, ""ロックアップ"": ""180日間"", ""isCEO"": false}, {""株主名"": ""エスオール（株）"", ""比率"": 0.56, ""ロックアップ"": """", ""isCEO"": false}]"	"[{""売上高（百万円）"": {""2021年\n4月"": 79.0, ""2022年\n4月"": 358.0, ""2023年\n4月"": 743.0, ""2024年\n4月"": 1059.0}}, {""経常利益（百万円）"": {""2021年\n4月"": 42.0, ""2022年\n4月"": 172.0, ""2023年\n4月"": 255.0, ""2024年\n4月"": 389.0}}, {""当期純利益（百万円）"": {""2021年\n4月"": 42.0, ""2022年\n4月"": 136.0, ""2023年\n4月"": 184.0, ""2024年\n4月"": 273.0}}, {""純資産額（百万円）"": {""2021年\n4月"": 14.0, ""2022年\n4月"": 122.0, ""2023年\n4月"": 706.0, ""2024年\n4月"": 979.0}}, {""1株あたりの純資産額（円）"": {""2021年\n4月"": 14138.0, ""2022年\n4月"": 121743.0, ""2023年\n4月"": 61.0, ""2024年\n4月"": 116.0}}, {""1株あたりの純利益（円）"": {""2021年\n4月"": 347850.0, ""2022年\n4月"": 135881.0, ""2023年\n4月"": 35.0, ""2024年\n4月"": 51.0}}, {""自己資本比率（％）"": {""2021年\n4月"": 22.3, ""2022年\n4月"": 45.0, ""2023年\n4月"": 57.0, ""2024年\n4月"": 65.0}}, {""自己資本利益率（％）"": {""2021年\n4月"": null, ""2022年\n4月"": 252.6, ""2023年\n4月"": 44.5, ""2024年\n4月"": 32.4}}]"	東証グロース	サービス業	B	1200	1240.0	1700.0	1550.0	1200.0	1240.0	坂根 正生（上場時37歳0カ月）／1988年生	37	2013	35	63	100000000	5700000	1646800	新規の直営宿泊施設開業費、広告宣伝費	0.0	0.0	0	76.2	0.0	0.0	0.0	"ｴｽ･ｴﾇ･ﾎｰﾙﾃﾞｨﾝｸﾞｽ(有)	親会社	3500000	64.8
(株)にしがき	親会社の関係会社	410000	7.6
(株)ﾃﾞｼﾞﾀﾙｽﾄﾚｰｼﾞ	親会社の関係会社	205000	3.8
(株)ｸﾞﾗﾝｼｰｽﾞ	関連当事者など	205000	3.8
(株)ゆめゆめらいふ	特別利害関係者など	50000	0.9
村上真之助	特別利害関係者など	50000	0.9
(株)B&V	特別利害関係者など	50000	0.9
(株)B&Vﾎｰﾙﾃﾞｨﾝｸﾞｽ	特別利害関係者など	50000	0.9
日本商事(株)	特別利害関係者など	50000	0.9
ｴｽｵｰﾙ(株)	特別利害関係者など	30000	0.6
(株)ｼﾞｮｰ･ｺｰﾎﾟﾚｰｼｮﾝ	特別利害関係者など	30000	0.6
冨士五湖ｴﾝｼﾞﾆｱﾘﾝｸﾞ(株)	特別利害関係者など	30000	0.6
(株)ｸﾞﾙｰｳﾞ	特別利害関係者など	30000	0.6
(株)ｷｬﾌﾟﾃﾝﾗｲﾝ	特別利害関係者など	30000	0.6
(株)なかむら	特別利害関係者など	30000	0.6
三方圭一	特別利害関係者など	30000	0.6
(株)luana	特別利害関係者など	30000	0.6
(株)ｼｭｸﾗﾝ	特別利害関係者など	30000	0.6
(株)ｹﾞﾝﾊﾞｶﾝﾘｼｽﾃﾑｽﾞ	特別利害関係者など	30000	0.6"	消費者循環	旅行サービス	51681500	-0.11	-1.0	-1	-1	-1	-1	-1	-1	-1	2025
フライヤー	2.1	2.4	2025/02/20	"-1
-1
-1
-1
0.22"	69.8	23.7	34.8	2190381600	3.981	36.4	50.5	13.0	ビジネス書の要約サービス『flier』・『flier business』の開発・運営	12	323A	11.13		https://www.ipokiso.com/company/2025/flierinc.html	https://irbank.net/323A/ir	https://disclosure2dl.edinet-fsa.go.jp/searchdocument/pdf/S100V3WJ.pdf	https://corp.flierinc.com	"売上高（百万円）	415	517	634	785
経常利益（百万円）	114	267	272	136
当期純利益（百万円）	117	278	272	137
1株あたりの純利益（円）	1018	2143	95	45
自己資本比率（％）	75.8	28.0	21.4	10.0
自己資本利益率（％）	None	None	None	None
経常利益率（％）	27.5	51.6	42.9	17.3"	"None	25%	23%	24%
None	134%	2%	-50%
None	138%	-2%	-50%
None	111%	-96%	-53%
None	-63%	-24%	-53%
None	None	None	None
None	None	None	None"	フライヤー（323A）は、ビジネス書の要約サービス『flier』・『flier business』の開発・運営を主な事業としています。1冊約10分で読める分量まで要約してくれるサービスで、音声再生にも対応しています。サブスクリプションモデルのサービスなので、一度導入されれば安定して収益が見込める強みがあります。	"[{""株主名"": ""（株）メディアドゥ"", ""比率"": 57.1, ""ロックアップ"": ""360日間"", ""isCEO"": false}, {""株主名"": ""大賀 康史（社長）"", ""比率"": 11.13, ""ロックアップ"": ""360日間"", ""isCEO"": true}, {""株主名"": ""（株）マイナビ"", ""比率"": 7.4, ""ロックアップ"": """", ""isCEO"": false}, {""株主名"": ""XTech２号投資事業有限責任組合"", ""比率"": 5.26, ""ロックアップ"": ""180日間\n（1.5倍）"", ""isCEO"": false}, {""株主名"": ""みずほ成長支援第４号投資事業有限責任組合"", ""比率"": 1.81, ""ロックアップ"": ""180日間\n（1.5倍）"", ""isCEO"": false}, {""株主名"": ""望月 剛"", ""比率"": 1.61, ""ロックアップ"": ""360日間"", ""isCEO"": false}, {""株主名"": ""（株）インソース"", ""比率"": 1.59, ""ロックアップ"": ""180日間\n（1.5倍）"", ""isCEO"": false}, {""株主名"": ""（株）CARTA VENTURES"", ""比率"": 1.59, ""ロックアップ"": ""180日間\n（1.5倍）"", ""isCEO"": false}, {""株主名"": ""大分VCサクセスファンド６号投資事業有限責任組合"", ""比率"": 1.3, ""ロックアップ"": ""継続保有"", ""isCEO"": false}, {""株主名"": ""（株）ケイプランニング"", ""比率"": 0.78, ""ロックアップ"": """", ""isCEO"": false}]"	"[{""売上高（百万円）"": {""2021年\n2月"": 415.0, ""2022年\n2月"": 517.0, ""2023年\n2月"": 634.0, ""2024年\n2月"": 785.0}}, {""経常利益（百万円）"": {""2021年\n2月"": 114.0, ""2022年\n2月"": 267.0, ""2023年\n2月"": 272.0, ""2024年\n2月"": 136.0}}, {""当期純利益（百万円）"": {""2021年\n2月"": 117.0, ""2022年\n2月"": 278.0, ""2023年\n2月"": 272.0, ""2024年\n2月"": 137.0}}, {""純資産額（百万円）"": {""2021年\n2月"": 231.0, ""2022年\n2月"": 69.0, ""2023年\n2月"": 100.0, ""2024年\n2月"": 43.0}}, {""1株あたりの純資産額（円）"": {""2021年\n2月"": 236.0, ""2022年\n2月"": 1784.0, ""2023年\n2月"": 173.0, ""2024年\n2月"": 213.0}}, {""1株あたりの純利益（円）"": {""2021年\n2月"": 1018.0, ""2022年\n2月"": 2143.0, ""2023年\n2月"": 95.0, ""2024年\n2月"": 45.0}}, {""自己資本比率（％）"": {""2021年\n2月"": 75.8, ""2022年\n2月"": 28.0, ""2023年\n2月"": 21.4, ""2024年\n2月"": 10.0}}, {""自己資本利益率（％）"": {""2021年\n2月"": null, ""2022年\n2月"": null, ""2023年\n2月"": null, ""2024年\n2月"": null}}]"	東証グロース	情報・通信業	B	660	680.0	950.0	1178.0	590.0	680.0	大賀 康史（上場時46歳2カ月）／1978年生	47	2013	57	22	497785000	3318760	755300	人員増強、借入金返済	11.1	1.6	0	57.1	0.0	10.8	0.0	"(株)ﾒﾃﾞｨｱﾄﾞｩ	親会社	1996200	57.1
大賀康史	代表取締役CEO	389000	11.1
(株)ﾏｲﾅﾋﾞ	特別利害関係者など	258760	7.4
XTech2号投組	投資業(ﾌｧﾝﾄﾞ)	183940	5.3
みずほ成長支援第4号投組	投資業(ﾌｧﾝﾄﾞ)	63380	1.8
望月剛	取締役CFO	56120	1.6
(株)ｲﾝｿｰｽ	特別利害関係者など	55440	1.6
(株)CARTA VENTURES	投資業(ﾌｧﾝﾄﾞ)	55440	1.6
大分VCｻｸｾｽﾌｧﾝﾄﾞ6号投組	投資業(ﾌｧﾝﾄﾞ)	45280	1.3
(株)ｹｲﾌﾟﾗﾝﾆﾝｸﾞ	特別利害関係者など	27160	0.8
ｴｯｸﾞﾌｫﾜｰﾄﾞ(株)	特別利害関係者など	27160	0.8
三菱UFJｷｬﾋﾟﾀﾙ9号投組	投資業(ﾌｧﾝﾄﾞ)	27160	0.8"	技術	ソフトウェア - アプリケーション	13210900	-0.13	-1.0	-1	-1	-1	-1	-1	-1	-1	2025
技術承継機構	1.6	1.8	2025/02/05	"-1
-1
-1
-1
0.11"	93.9	3631.0	5.2	16996722660	3.927	44.5	42.4	13.0	製造業の譲受、譲受企業の経営支援	7	319A	81.16	10.54	https://www.ipokiso.com/company/2025/ngt-g.html	https://irbank.net/319A/ir	https://disclosure2dl.edinet-fsa.go.jp/searchdocument/pdf/S100V17I.pdf	https://ngt-g.com/	"売上高（百万円）	76	62	6804	9327
経常利益（百万円）	1	1	541	926
当期純利益（百万円）	1	0	148	1613
1株あたりの純利益（円）	338	312	19	206
自己資本比率（％）	74.2	63.1	14.4	20.4
自己資本利益率（％）	0.4	0.2	12.3	74.4
経常利益率（％）	1.3	1.6	8.0	9.9"	"None	-18%	10874%	37%
None	0%	54000%	71%
None	-100%	None	990%
None	-8%	-94%	984%
None	-15%	-77%	42%
None	-50%	6050%	505%
None	None	None	None"	技術承継機構（319A）、製造業のM&Aをおこなっています。2018年の創業以来、これまでに10社のM&Aを成功させています。直近の業績推移を見ると、売上、利益ともに右肩上がりで拡大しており、今後の成長性も感じられます。また、M&A後の事業再編や遊休資産の売却、投資資産の処分や償還などがおこなわれることにより特別利益、特別損失が発生しやすくなっています。	"[{""株主名"": ""新居 英一（社長）"", ""比率"": 81.16, ""ロックアップ"": ""180日間"", ""isCEO"": true}, {""株主名"": ""藤井 陽介"", ""比率"": 7.61, ""ロックアップ"": ""180日間"", ""isCEO"": false}, {""株主名"": ""佐藤 大央"", ""比率"": 1.65, ""ロックアップ"": ""180日間"", ""isCEO"": false}, {""株主名"": ""亀田 藍子"", ""比率"": 1.42, ""ロックアップ"": ""180日間"", ""isCEO"": false}, {""株主名"": ""徳田 雄一郎"", ""比率"": 1.28, ""ロックアップ"": ""180日間"", ""isCEO"": false}, {""株主名"": ""永井 裕"", ""比率"": 1.28, ""ロックアップ"": ""180日間"", ""isCEO"": false}, {""株主名"": ""岩間 正俊"", ""比率"": 1.28, ""ロックアップ"": ""180日間"", ""isCEO"": false}, {""株主名"": ""大橋 俊之"", ""比率"": 1.15, ""ロックアップ"": ""180日間"", ""isCEO"": false}, {""株主名"": ""山口 貴弘"", ""比率"": 0.76, ""ロックアップ"": ""180日間"", ""isCEO"": false}, {""株主名"": ""玉川 陽介"", ""比率"": 0.63, ""ロックアップ"": ""180日間"", ""isCEO"": false}]"	"[{""売上高（百万円）"": {""2021年\n6月"": 76.0, ""2021年\n12月"": 62.0, ""2022年\n12月"": 6804.0, ""2023年\n12月"": 9327.0}}, {""経常利益（百万円）"": {""2021年\n6月"": 1.0, ""2021年\n12月"": 1.0, ""2022年\n12月"": 541.0, ""2023年\n12月"": 926.0}}, {""当期純利益（百万円）"": {""2021年\n6月"": 1.0, ""2021年\n12月"": 0.0, ""2022年\n12月"": 148.0, ""2023年\n12月"": 1613.0}}, {""純資産額（百万円）"": {""2021年\n6月"": 208.0, ""2021年\n12月"": 214.0, ""2022年\n12月"": 1323.0, ""2023年\n12月"": 3113.0}}, {""1株あたりの純資産額（円）"": {""2021年\n6月"": 70495.0, ""2021年\n12月"": 77799.0, ""2022年\n12月"": 150.0, ""2023年\n12月"": 363.0}}, {""1株あたりの純利益（円）"": {""2021年\n6月"": 338.0, ""2021年\n12月"": 312.0, ""2022年\n12月"": 19.0, ""2023年\n12月"": 206.0}}, {""自己資本比率（％）"": {""2021年\n6月"": 74.2, ""2021年\n12月"": 63.1, ""2022年\n12月"": 14.4, ""2023年\n12月"": 20.4}}, {""自己資本利益率（％）"": {""2021年\n6月"": 0.4, ""2021年\n12月"": 0.2, ""2022年\n12月"": 12.3, ""2023年\n12月"": 74.4}}]"	東証グロース	金属製品	B	1970	2000.0	2500.0	2700.0	1850.0	2000.0	新居 英一（上場時41歳10カ月）／1983年生	42	2018	8	22	55000000	8627778	1673200	M&A（買収・合併）待機資金	81.2	12.7	0	0.0	0.0	0.0	0.0	"新居英一	代表取締役社長など	6397634	81.2
藤井陽介	執行役員	600000	7.6
佐藤大央	特別利害関係者など	130000	1.6
亀田藍子	取締役など	112000	1.4
徳田雄一郎	子会社の取締役	101000	1.3
永井裕	子会社の取締役	101000	1.3
岩間正俊	監査役など	101000	1.3
大橋俊之	従業員、子会社の取締役	90660	1.1
山口貴弘	特別利害関係者など	60000	0.8
玉川陽介	特別利害関係者など	50000	0.6"	金融サービス	資産運用	33878900	-1.0	-1.0	-1	-1	-1	-1	-1	-1	-1	2025
バルコス	1.0	1.0	2025/02/03	"-1
-1
-1
-1
0.0"	100.0	-5.2	3.2	1661050000	0.0	43.7	43.7	12.7	バッグなどの皮革商品の販売、WEBメディアの運営など	34	7790	35.69	38.79	https://www.ipokiso.com/company/2025/barcos.html	https://irbank.net/7790/ir	https://disclosure2dl.edinet-fsa.go.jp/searchdocument/pdf/S100V16T.pdf	https://barcos.jp/	"売上高（百万円）	4674	4933	3770	3858
経常利益（百万円）	363	48	41	120
当期純利益（百万円）	167	57	4	43
1株あたりの純利益（円）	146	50	3	38
自己資本比率（％）	13.2	11.9	16.6	11.7
自己資本利益率（％）	73.6	19.1	0.8	9.2
経常利益率（％）	7.8	1.0	1.1	3.1"	"None	6%	-24%	2%
None	-87%	-15%	193%
None	-66%	-93%	975%
None	-66%	-94%	1167%
None	-10%	39%	-30%
None	-74%	-96%	1050%
None	None	None	None"	バルコス（7790）は、バッグや財布などの皮革商品の販売、WEBメディアの運営などを行っています。直近の業績推移をみると、やや不安定なのが気がかりです。	"[{""株主名"": ""㈱グリーン"", ""比率"": 64.3, ""ロックアップ"": ""180日間"", ""isCEO"": false}, {""株主名"": ""山本 敬（社長）"", ""比率"": 35.69, ""ロックアップ"": ""180日間"", ""isCEO"": true}, {""株主名"": ""㈱グロース・イニシアティブ"", ""比率"": 0.01, ""ロックアップ"": """", ""isCEO"": false}]"	"[{""売上高（百万円）"": {""2020年12月"": 4674.0, ""2021年12月"": 4933.0, ""2022年12月"": 3770.0, ""2023年12月"": 3858.0}}, {""経常利益（百万円）"": {""2020年12月"": 363.0, ""2021年12月"": 48.0, ""2022年12月"": 41.0, ""2023年12月"": 120.0}}, {""当期純利益（百万円）"": {""2020年12月"": 167.0, ""2021年12月"": 57.0, ""2022年12月"": 4.0, ""2023年12月"": 43.0}}, {""純資産額（百万円）"": {""2020年12月"": 312.0, ""2021年12月"": 257.0, ""2022年12月"": 444.0, ""2023年12月"": 491.0}}, {""1株あたりの純資産額（円）"": {""2020年12月"": 274.0, ""2021年12月"": 226.0, ""2022年12月"": 390.0, ""2023年12月"": 431.0}}, {""1株あたりの純利益（円）"": {""2020年12月"": 146.0, ""2021年12月"": 50.0, ""2022年12月"": 3.0, ""2023年12月"": 38.0}}, {""自己資本比率（％）"": {""2020年12月"": 13.2, ""2021年12月"": 11.9, ""2022年12月"": 16.6, ""2023年12月"": 11.7}}, {""自己資本利益率（％）"": {""2020年12月"": 73.6, ""2021年12月"": 19.1, ""2022年12月"": 0.8, ""2023年12月"": 9.2}}]"	名証ネクスト	その他製品	C	1390	1400.0	1500.0	1401.0	1300.0	1400.0	山本 敬（上場時58歳7カ月）／1966年生	59	1991	69	3	30000000	1195000	126000	広告宣伝に必要な通販番組のVTR制作	100.0	0.0	0	0.0	0.0	0.0	0.0	"(株)ｸﾞﾘｰﾝ	代表取締役社長の資産管理会社	733000	64.3
山本敬	代表取締役社長	406900	35.7
(株)ｸﾞﾛｰｽ･ｲﾆｼｱﾃｨﾌﾞ	特別利害関係者など	100	0.0"	Unknown	Unknown	100	-1.0	-1.0	-1	-1	-1	-1	-1	-1	-1	2025
